/home/noamgrosman/technionCourses/binary_translation/bzip2, 0x400000, fallbackSort, 0x409c33, 2547275, 1
/home/noamgrosman/technionCourses/binary_translation/bzip2, 0x400000, sendMTFValues, 0x40ceee, 1479734, 1
/home/noamgrosman/technionCourses/binary_translation/bzip2, 0x400000, fallbackQSort3, 0x4095ec, 1288846, 1383
/home/noamgrosman/technionCourses/binary_translation/bzip2, 0x400000, BZ2_hbMakeCodeLengths, 0x417d54, 960949, 20
/home/noamgrosman/technionCourses/binary_translation/bzip2, 0x400000, fallbackSimpleSort, 0x4093f0, 424864, 1847
/home/noamgrosman/technionCourses/binary_translation/bzip2, 0x400000, copy_input_until_stop, 0x40565c, 384560, 3
/home/noamgrosman/technionCourses/binary_translation/bzip2, 0x400000, generateMTFValues, 0x40cb2c, 266623, 1
/home/noamgrosman/technionCourses/binary_translation/bzip2, 0x400000, bsW, 0x40c94c, 130586, 2648
/home/noamgrosman/technionCourses/binary_translation/bzip2, 0x400000, add_pair_to_block, 0x405388, 67179, 376
/lib64/ld-linux-x86-64.so.2, 0x79294c0bf000, do_lookup_x, 0x79294c0c9530, 64517, 145
/home/noamgrosman/technionCourses/binary_translation/bzip2, 0x400000, copy_output_until_stop, 0x4059f2, 53381, 1
/home/noamgrosman/technionCourses/binary_translation/bzip2, 0x400000, BZ2_hbAssignCodes, 0x418294, 33896, 5
/lib64/ld-linux-x86-64.so.2, 0x79294c0bf000, _dl_relocate_object, 0x79294c0ce240, 30205, 6
/lib64/ld-linux-x86-64.so.2, 0x79294c0bf000, _dl_lookup_symbol_x, 0x79294c0ca0d0, 26150, 145
/lib64/ld-linux-x86-64.so.2, 0x79294c0bf000, __GI___tunables_init, 0x79294c0d48b0, 16335, 1
/lib64/ld-linux-x86-64.so.2, 0x79294c0bf000, check_match, 0x79294c0c9390, 16137, 362
/home/noamgrosman/technionCourses/binary_translation/bzip2, 0x400000, BZ2_blockSort, 0x40c679, 14959, 1
/lib64/ld-linux-x86-64.so.2, 0x79294c0bf000, strcmp, 0x79294c0e64e0, 14571, 391
/lib64/ld-linux-x86-64.so.2, 0x79294c0bf000, _dl_check_map_versions, 0x79294c0d4c90, 7405, 6
/lib64/ld-linux-x86-64.so.2, 0x79294c0bf000, _dl_map_object_from_fd, 0x79294c0c6a20, 4052, 3
/lib64/ld-linux-x86-64.so.2, 0x79294c0bf000, _dl_fixup, 0x79294c0d1af0, 3758, 37
/home/noamgrosman/technionCourses/binary_translation/bzip2, 0x400000, makeMaps_e, 0x40cac2, 3239, 1
/lib64/ld-linux-x86-64.so.2, 0x79294c0bf000, _dl_cache_libcmp, 0x79294c0d5630, 2277, 28
/home/noamgrosman/technionCourses/binary_translation/bzip2, 0x400000, prepare_new_block, 0x404f65, 1814, 1
/lib64/ld-linux-x86-64.so.2, 0x79294c0bf000, _dl_map_object_deps, 0x79294c0c1a40, 1727, 1
/lib64/ld-linux-x86-64.so.2, 0x79294c0bf000, dl_main, 0x79294c0dfaf0, 1624, 1
/lib64/ld-linux-x86-64.so.2, 0x79294c0bf000, _dl_name_match_p, 0x79294c0cb380, 1487, 54
/lib64/ld-linux-x86-64.so.2, 0x79294c0bf000, _dl_runtime_resolve_xsavec, 0x79294c0d42f0, 1443, 37
/home/noamgrosman/technionCourses/binary_translation/bzip2, 0x400000, main, 0x4040af, 1432, 1
/lib64/ld-linux-x86-64.so.2, 0x79294c0bf000, _dl_map_object, 0x79294c0c82f0, 1319, 6
/lib64/ld-linux-x86-64.so.2, 0x79294c0bf000, __minimal_malloc, 0x79294c0cb070, 1104, 35
/lib64/ld-linux-x86-64.so.2, 0x79294c0bf000, _dl_load_cache_lookup, 0x79294c0d5710, 1024, 3
/lib64/ld-linux-x86-64.so.2, 0x79294c0bf000, __tunable_get_val, 0x79294c0d4c10, 909, 39
/lib64/ld-linux-x86-64.so.2, 0x79294c0bf000, _dl_new_object, 0x79294c0cb6c0, 866, 5
/lib64/ld-linux-x86-64.so.2, 0x79294c0bf000, strlen, 0x79294c0e7b00, 737, 27
/lib64/ld-linux-x86-64.so.2, 0x79294c0bf000, __strsep, 0x79294c0dc680, 704, 3
/lib64/ld-linux-x86-64.so.2, 0x79294c0bf000, memcpy, 0x79294c0e5920, 652, 28
/lib64/ld-linux-x86-64.so.2, 0x79294c0bf000, update_active.constprop.0, 0x79294c0d7ef0, 646, 1
/lib64/ld-linux-x86-64.so.2, 0x79294c0bf000, _dl_start, 0x79294c0df1d0, 636, 1
/lib64/ld-linux-x86-64.so.2, 0x79294c0bf000, _dl_hwcaps_split_masked, 0x79294c0dbfe0, 622, 14
/lib64/ld-linux-x86-64.so.2, 0x79294c0bf000, open_path, 0x79294c0c50a0, 582, 1
/lib64/ld-linux-x86-64.so.2, 0x79294c0bf000, index, 0x79294c0e62b0, 552, 20
/lib64/ld-linux-x86-64.so.2, 0x79294c0bf000, decompose_rpath, 0x79294c0c6210, 544, 1
/lib64/ld-linux-x86-64.so.2, 0x79294c0bf000, open_verify.constprop.0, 0x79294c0c4c80, 528, 11
/lib64/ld-linux-x86-64.so.2, 0x79294c0bf000, memset, 0x79294c0e5b10, 511, 9
/lib64/ld-linux-x86-64.so.2, 0x79294c0bf000, dfs_traversal.part.0, 0x79294c0d2290, 423, 11
/lib64/ld-linux-x86-64.so.2, 0x79294c0bf000, handle_amd, 0x79294c0d7090, 422, 12
/lib64/ld-linux-x86-64.so.2, 0x79294c0bf000, _dlfo_process_initial, 0x79294c0c33a0, 391, 2
/lib64/ld-linux-x86-64.so.2, 0x79294c0bf000, _dl_find_object_from_map, 0x79294c0c3330, 381, 7
/lib64/ld-linux-x86-64.so.2, 0x79294c0bf000, _dl_sysdep_parse_arguments, 0x79294c0dd1d0, 377, 1
/lib64/ld-linux-x86-64.so.2, 0x79294c0bf000, mmap, 0x79294c0e4d00, 372, 16
/lib64/ld-linux-x86-64.so.2, 0x79294c0bf000, _dl_important_hwcaps, 0x79294c0dba20, 360, 1
/lib64/ld-linux-x86-64.so.2, 0x79294c0bf000, init_cpu_features.constprop.0, 0x79294c0d85e0, 347, 1
/lib64/ld-linux-x86-64.so.2, 0x79294c0bf000, _dl_allocate_tls_storage, 0x79294c0d31f0, 342, 1
/lib64/ld-linux-x86-64.so.2, 0x79294c0bf000, _dl_sort_maps, 0x79294c0d23a0, 331, 2
/lib64/ld-linux-x86-64.so.2, 0x79294c0bf000, _dlfo_sort_mappings, 0x79294c0c3ab0, 314, 1
/lib64/ld-linux-x86-64.so.2, 0x79294c0bf000, __GI___tunable_set_val, 0x79294c0d4770, 310, 5
/lib64/ld-linux-x86-64.so.2, 0x79294c0bf000, fillin_rpath.isra.0, 0x79294c0c5f30, 283, 1
/lib64/ld-linux-x86-64.so.2, 0x79294c0bf000, _dl_lookup_direct, 0x79294c0caca0, 274, 3
/lib64/ld-linux-x86-64.so.2, 0x79294c0bf000, __GI___open64_nocancel, 0x79294c0e4b40, 264, 12
/lib64/ld-linux-x86-64.so.2, 0x79294c0bf000, _dl_fini, 0x79294c0c4380, 262, 1
/lib64/ld-linux-x86-64.so.2, 0x79294c0bf000, call_init.part.0, 0x79294c0c4670, 254, 5
/lib64/ld-linux-x86-64.so.2, 0x79294c0bf000, _dl_catch_exception, 0x79294c0c0480, 252, 6
/lib64/ld-linux-x86-64.so.2, 0x79294c0bf000, _dl_process_pt_gnu_property, 0x79294c0c6840, 244, 3
/lib64/ld-linux-x86-64.so.2, 0x79294c0bf000, _dl_add_to_namespace_list, 0x79294c0cb610, 236, 5
/home/noamgrosman/technionCourses/binary_translation/bzip2, 0x400000, bsPutUChar, 0x40ca9a, 208, 16
/lib64/ld-linux-x86-64.so.2, 0x79294c0bf000, _dl_init_paths, 0x79294c0c63f0, 190, 1
/lib64/ld-linux-x86-64.so.2, 0x79294c0bf000, _dl_next_ld_env_entry, 0x79294c0db940, 184, 1
/home/noamgrosman/technionCourses/binary_translation/bzip2, 0x400000, compress, 0x402b73, 182, 1
/lib64/ld-linux-x86-64.so.2, 0x79294c0bf000, _dl_call_fini, 0x79294c0c0090, 178, 5
/lib64/ld-linux-x86-64.so.2, 0x79294c0bf000, lookup_malloc_symbol, 0x79294c0dc400, 172, 4
/home/noamgrosman/technionCourses/binary_translation/bzip2, 0x400000, handle_compress, 0x405ac7, 171, 3
/home/noamgrosman/technionCourses/binary_translation/bzip2, 0x400000, BZ2_compressBlock, 0x41216d, 168, 1
/home/noamgrosman/technionCourses/binary_translation/bzip2, 0x400000, BZ2_bzCompressInit, 0x40502b, 159, 1
/lib64/ld-linux-x86-64.so.2, 0x79294c0bf000, _dl_allocate_tls_init, 0x79294c0d32d0, 157, 1
/home/noamgrosman/technionCourses/binary_translation/bzip2, 0x400000, BZ2_bzWriteClose64, 0x408127, 156, 1
/lib64/ld-linux-x86-64.so.2, 0x79294c0bf000, _dl_setup_hash, 0x79294c0d21b0, 155, 6
/home/noamgrosman/technionCourses/binary_translation/bzip2, 0x400000, BZ2_bzWrite, 0x407e2e, 152, 2
/home/noamgrosman/technionCourses/binary_translation/bzip2, 0x400000, compressStream, 0x4016ce, 151, 1
/home/noamgrosman/technionCourses/binary_translation/bzip2, 0x400000, BZ2_bzCompress, 0x405c64, 145, 3
/lib64/ld-linux-x86-64.so.2, 0x79294c0bf000, __GI___sigsetjmp, 0x79294c0e5000, 144, 6
/lib64/ld-linux-x86-64.so.2, 0x79294c0bf000, __minimal_calloc, 0x79294c0cb1c0, 143, 13
/lib64/ld-linux-x86-64.so.2, 0x79294c0bf000, _dl_dst_count, 0x79294c0c5b50, 138, 6
/home/noamgrosman/technionCourses/binary_translation/bzip2, 0x400000, snocString, 0x403eb0, 138, 5
/lib64/ld-linux-x86-64.so.2, 0x79294c0bf000, openaux, 0x79294c0c19f0, 132, 6
/home/noamgrosman/technionCourses/binary_translation/bzip2, 0x400000, hasSuffix, 0x402a83, 128, 4
/lib64/ld-linux-x86-64.so.2, 0x79294c0bf000, _dl_determine_tlsoffset, 0x79294c0d3000, 116, 1
/lib64/ld-linux-x86-64.so.2, 0x79294c0bf000, _dl_init, 0x79294c0c4780, 114, 1
/lib64/ld-linux-x86-64.so.2, 0x79294c0bf000, strdup, 0x79294c0e7aa0, 114, 6
/lib64/ld-linux-x86-64.so.2, 0x79294c0bf000, __mempcpy, 0x79294c0e5910, 112, 28
/lib64/ld-linux-x86-64.so.2, 0x79294c0bf000, __rtld_malloc_init_real, 0x79294c0dc4d0, 111, 1
/home/noamgrosman/technionCourses/binary_translation/bzip2, 0x400000, copyFileName, 0x4027f1, 105, 5
/lib/x86_64-linux-gnu/libgomp.so.1, 0x792937a7d000, .plt.sec, 0x792937a88790, 102, 10
/lib64/ld-linux-x86-64.so.2, 0x79294c0bf000, _dl_check_all_versions, 0x79294c0d55a0, 98, 1
/lib64/ld-linux-x86-64.so.2, 0x79294c0bf000, init_tls, 0x79294c0df040, 91, 1
/home/noamgrosman/technionCourses/binary_translation/bzip2, 0x400000, myMalloc, 0x403e4f, 84, 6
/home/noamgrosman/technionCourses/binary_translation/bzip2, 0x400000, BZ2_bzWriteOpen, 0x407bfa, 81, 1
/lib64/ld-linux-x86-64.so.2, 0x79294c0bf000, fstatat, 0x79294c0e4920, 80, 8
/lib64/ld-linux-x86-64.so.2, 0x79294c0bf000, __libc_scratch_buffer_set_array_size, 0x79294c0e4c40, 75, 3
/lib64/ld-linux-x86-64.so.2, 0x79294c0bf000, get_common_indices.constprop.0, 0x79294c0d7400, 72, 1
/home/noamgrosman/technionCourses/binary_translation/bzip2, 0x400000, bsFinishWrite, 0x40c8ce, 70, 1
/home/noamgrosman/technionCourses/binary_translation/bzip2, 0x400000, strcmp@plt, 0x4011c0, 69, 67
/home/noamgrosman/technionCourses/binary_translation/bzip2, 0x400000, bsPutUInt32, 0x40ca25, 68, 2
/home/noamgrosman/technionCourses/binary_translation/bzip2, 0x400000, BZ2_bzCompressEnd, 0x405e91, 68, 1
/lib/x86_64-linux-gnu/libgomp.so.1, 0x792937a7d000, .plt, 0x792937a88020, 60, 12
/home/noamgrosman/technionCourses/binary_translation/bzip2, 0x400000, default_bzalloc, 0x404f13, 60, 4
/lib64/ld-linux-x86-64.so.2, 0x79294c0bf000, __tls_init_tp, 0x79294c0d3ed0, 57, 1
/lib64/ld-linux-x86-64.so.2, 0x79294c0bf000, bcmp, 0x79294c0e5640, 57, 3
/lib64/ld-linux-x86-64.so.2, 0x79294c0bf000, _dl_add_to_slotinfo, 0x79294c0d3bd0, 56, 2
/lib64/ld-linux-x86-64.so.2, 0x79294c0bf000, _dl_hwcaps_subdirs_active, 0x79294c0dbe80, 52, 1
/home/noamgrosman/technionCourses/binary_translation/bzip2, 0x400000, myfeof, 0x40168e, 50, 3
/home/noamgrosman/technionCourses/binary_translation/bzip2, 0x400000, .plt, 0x401050, 50, 25
/lib64/ld-linux-x86-64.so.2, 0x79294c0bf000, stat64, 0x79294c0e4a00, 48, 8
/lib64/ld-linux-x86-64.so.2, 0x79294c0bf000, expand_dynamic_string_token, 0x79294c0c5d90, 48, 2
/home/noamgrosman/technionCourses/binary_translation/bzip2, 0x400000, default_bzfree, 0x404f40, 48, 4
/lib64/ld-linux-x86-64.so.2, 0x79294c0bf000, __rtld_mutex_init, 0x79294c0dc700, 47, 1
/lib64/ld-linux-x86-64.so.2, 0x79294c0bf000, _dl_sysdep_read_whole_file, 0x79294c0cb2d0, 45, 1
/lib64/ld-linux-x86-64.so.2, 0x79294c0bf000, _dl_tls_static_surplus_init, 0x79294c0d2d40, 40, 1
/home/noamgrosman/technionCourses/binary_translation/bzip2, 0x400000, mkCell, 0x403e7d, 39, 3
/lib64/ld-linux-x86-64.so.2, 0x79294c0bf000, _dl_find_object_init, 0x79294c0c3b60, 39, 1
/home/noamgrosman/technionCourses/binary_translation/bzip2, 0x400000, fileExists, 0x402875, 37, 2
/lib64/ld-linux-x86-64.so.2, 0x79294c0bf000, _dl_sysdep_start, 0x79294c0ddec0, 37, 1
/lib64/ld-linux-x86-64.so.2, 0x79294c0bf000, rtld_mutex_dummy, 0x79294c0d3e60, 36, 12
/home/noamgrosman/technionCourses/binary_translation/bzip2, 0x400000, __libc_csu_init, 0x418580, 34, 1
/lib64/ld-linux-x86-64.so.2, 0x79294c0bf000, _dl_debug_initialize, 0x79294c0c1880, 34, 1
/lib64/ld-linux-x86-64.so.2, 0x79294c0bf000, _dl_cet_check, 0x79294c0d6bc0, 33, 1
/home/noamgrosman/technionCourses/binary_translation/bzip2, 0x400000, applySavedMetaInfoToOutputFile, 0x4029f0, 33, 1
/lib64/ld-linux-x86-64.so.2, 0x79294c0bf000, _dl_audit_activity_nsid, 0x79294c0d99e0, 33, 3
/lib64/ld-linux-x86-64.so.2, 0x79294c0bf000, __set_vma_name, 0x79294c0e4e10, 32, 2
/lib64/ld-linux-x86-64.so.2, 0x79294c0bf000, strncmp, 0x79294c0e7ca0, 32, 1
/lib64/ld-linux-x86-64.so.2, 0x79294c0bf000, _dl_debug_update, 0x79294c0c1830, 28, 4
/home/noamgrosman/technionCourses/binary_translation/bzip2, 0x400000, addFlagsFromEnvVar, 0x403f51, 26, 2
/home/noamgrosman/technionCourses/binary_translation/bzip2, 0x400000, fopen_output_safely, 0x4028ba, 25, 1
/lib64/ld-linux-x86-64.so.2, 0x79294c0bf000, _dl_call_libc_early_init, 0x79294c0c0000, 25, 1
/lib64/ld-linux-x86-64.so.2, 0x79294c0bf000, _dl_audit_objclose, 0x79294c0d9cd0, 25, 5
/lib64/ld-linux-x86-64.so.2, 0x79294c0bf000, __GI___fstat64, 0x79294c0e48f0, 24, 4
/lib64/ld-linux-x86-64.so.2, 0x79294c0bf000, _dl_assign_tls_modid, 0x79294c0d2de0, 24, 2
/lib/x86_64-linux-gnu/libc.so.6, 0x792937800000, .plt.got, 0x7929378283e0, 24, 6
/lib64/ld-linux-x86-64.so.2, 0x79294c0bf000, mprotect, 0x79294c0e4db0, 24, 4
/lib64/ld-linux-x86-64.so.2, 0x79294c0bf000, __GI___close_nocancel, 0x79294c0e4a20, 24, 4
/lib64/ld-linux-x86-64.so.2, 0x79294c0bf000, _dl_receive_error, 0x79294c0c03e0, 22, 1
/home/noamgrosman/technionCourses/binary_translation/bzip2, 0x400000, isempty_RL, 0x404ffc, 20, 2
/lib64/ld-linux-x86-64.so.2, 0x79294c0bf000, _dl_audit_objopen, 0x79294c0d9bb0, 20, 4
/home/noamgrosman/technionCourses/binary_translation/bzip2, 0x400000, strlen@plt, 0x401150, 20, 18
/lib64/ld-linux-x86-64.so.2, 0x79294c0bf000, __read_nocancel, 0x79294c0e4be0, 18, 3
/home/noamgrosman/technionCourses/binary_translation/bzip2, 0x400000, init_RL, 0x404fdc, 18, 2
/lib64/ld-linux-x86-64.so.2, 0x79294c0bf000, _dl_audit_activity_map, 0x79294c0d9930, 17, 1
/lib64/ld-linux-x86-64.so.2, 0x79294c0bf000, __tls_pre_init_tp, 0x79294c0d3e70, 17, 1
/lib64/ld-linux-x86-64.so.2, 0x79294c0bf000, __sbrk, 0x79294c0e4300, 16, 1
/home/noamgrosman/technionCourses/binary_translation/bzip2, 0x400000, flush_RL, 0x405628, 16, 1
/lib64/ld-linux-x86-64.so.2, 0x79294c0bf000, __minimal_free, 0x79294c0cb200, 15, 3
/home/noamgrosman/technionCourses/binary_translation/bzip2, 0x400000, ferror@plt, 0x4010f0, 15, 13
/lib64/ld-linux-x86-64.so.2, 0x79294c0bf000, version_check_doit, 0x79294c0dec70, 15, 1
/lib64/ld-linux-x86-64.so.2, 0x79294c0bf000, _dl_sort_maps_init, 0x79294c0d2370, 14, 1
/lib64/ld-linux-x86-64.so.2, 0x79294c0bf000, __GI___pread64_nocancel, 0x79294c0e4bb0, 14, 2
/home/noamgrosman/technionCourses/binary_translation/bzip2, 0x400000, malloc@plt, 0x401220, 13, 11
/home/noamgrosman/technionCourses/binary_translation/bzip2, 0x400000, register_tm_clones, 0x401390, 13, 1
/lib64/ld-linux-x86-64.so.2, 0x79294c0bf000, _dl_unload_cache, 0x79294c0d6390, 13, 1
/lib64/ld-linux-x86-64.so.2, 0x79294c0bf000, _dl_hwcaps_split, 0x79294c0dbf40, 13, 1
/lib/x86_64-linux-gnu/libpthread.so.0, 0x79293878d000, __do_global_dtors_aux, 0x79293878e0b0, 13, 1
/home/noamgrosman/technionCourses/binary_translation/bzip2, 0x400000, free@plt, 0x401080, 13, 11
/home/noamgrosman/technionCourses/binary_translation/bzip2, 0x400000, saveInputFileMetaInfo, 0x4029c3, 13, 1
/home/noamgrosman/technionCourses/binary_translation/bzip2, 0x400000, _start, 0x401310, 11, 1
/lib64/ld-linux-x86-64.so.2, 0x79294c0bf000, __rtld_malloc_init_stubs, 0x79294c0dc1f0, 10, 1
/lib/x86_64-linux-gnu/libpthread.so.0, 0x79293878d000, register_tm_clones, 0x79293878e070, 10, 1
/home/noamgrosman/technionCourses/binary_translation/bzip2, 0x400000, BZ2_bsInitWrite, 0x40c8a8, 9, 1
/lib64/ld-linux-x86-64.so.2, 0x79294c0bf000, access, 0x79294c0e48c0, 9, 1
/home/noamgrosman/technionCourses/binary_translation/bzip2, 0x400000, deregister_tm_clones, 0x401360, 8, 1
/home/noamgrosman/technionCourses/binary_translation/bzip2, 0x400000, __do_global_dtors_aux, 0x4013d0, 8, 1
/home/noamgrosman/technionCourses/binary_translation/bzip2, 0x400000, strstr@plt, 0x4012f0, 8, 6
/home/noamgrosman/technionCourses/binary_translation/bzip2, 0x400000, stat, 0x418610, 8, 2
/lib64/ld-linux-x86-64.so.2, 0x79294c0bf000, __brk, 0x79294c0e39c0, 8, 1
/home/noamgrosman/technionCourses/binary_translation/bzip2, 0x400000, signal@plt, 0x4011d0, 7, 5
/lib/x86_64-linux-gnu/libpthread.so.0, 0x79293878d000, _init, 0x79293878e000, 7, 1
/lib/x86_64-linux-gnu/libgomp.so.1, 0x792937a7d000, _init, 0x792937a88000, 7, 1
/home/noamgrosman/technionCourses/binary_translation/bzip2, 0x400000, strncpy@plt, 0x4010a0, 7, 5
/lib64/ld-linux-x86-64.so.2, 0x79294c0bf000, _dl_count_modids, 0x79294c0d2f00, 6, 1
/home/noamgrosman/technionCourses/binary_translation/bzip2, 0x400000, call_gmon_start, 0x40133c, 6, 1
/lib64/ld-linux-x86-64.so.2, 0x79294c0bf000, munmap, 0x79294c0e4de0, 6, 1
/home/noamgrosman/technionCourses/binary_translation/bzip2, 0x400000, _fini, 0x418630, 6, 1
/lib64/ld-linux-x86-64.so.2, 0x79294c0bf000, __x86_cpu_features_ifunc, 0x79294c0d98d0, 6, 1
/home/noamgrosman/technionCourses/binary_translation/bzip2, 0x400000, containsDubiousChars, 0x402a74, 6, 1
/home/noamgrosman/technionCourses/binary_translation/bzip2, 0x400000, strncmp@plt, 0x4010c0, 5, 3
/home/noamgrosman/technionCourses/binary_translation/bzip2, 0x400000, fclose@plt, 0x401120, 5, 3
/home/noamgrosman/technionCourses/binary_translation/bzip2, 0x400000, strcpy@plt, 0x4010d0, 5, 3
/home/noamgrosman/technionCourses/binary_translation/bzip2, 0x400000, fgetc@plt, 0x401180, 5, 3
/lib64/ld-linux-x86-64.so.2, 0x79294c0bf000, _dl_audit_preinit, 0x79294c0d9da0, 5, 1
/lib/x86_64-linux-gnu/libpthread.so.0, 0x79293878d000, deregister_tm_clones, 0x79293878e040, 5, 1
/home/noamgrosman/technionCourses/binary_translation/bzip2, 0x400000, fopen@plt, 0x401290, 5, 3
/lib64/ld-linux-x86-64.so.2, 0x79294c0bf000, _dl_x86_init_cpu_features, 0x79294c0d9900, 5, 1
/home/noamgrosman/technionCourses/binary_translation/bzip2, 0x400000, bz_config_ok, 0x404f08, 5, 1
/home/noamgrosman/technionCourses/binary_translation/bzip2, 0x400000, _init, 0x401038, 4, 1
/lib/x86_64-linux-gnu/libgomp.so.1, 0x792937a7d000, .fini, 0x792937ac3ce4, 4, 1
/lib64/ld-linux-x86-64.so.2, 0x79294c0bf000, _dl_debug_state, 0x79294c0c1820, 4, 2
/home/noamgrosman/technionCourses/binary_translation/bzip2, 0x400000, getenv@plt, 0x401060, 4, 2
/home/noamgrosman/technionCourses/binary_translation/bzip2, 0x400000, ungetc@plt, 0x401240, 4, 2
/home/noamgrosman/technionCourses/binary_translation/bzip2, 0x400000, fread@plt, 0x401110, 4, 2
/home/noamgrosman/technionCourses/binary_translation/bzip2, 0x400000, fflush@plt, 0x401230, 4, 2
/home/noamgrosman/technionCourses/binary_translation/bzip2, 0x400000, __xstat@plt, 0x401210, 4, 2
/lib/x86_64-linux-gnu/libpthread.so.0, 0x79293878d000, _fini, 0x79293878e108, 4, 1
/lib64/ld-linux-x86-64.so.2, 0x79294c0bf000, _dl_cet_setup_features, 0x79294c0d6b40, 4, 1
/home/noamgrosman/technionCourses/binary_translation/bzip2, 0x400000, fdopen@plt, 0x401260, 3, 1
/home/noamgrosman/technionCourses/binary_translation/bzip2, 0x400000, frame_dummy, 0x4013f0, 3, 1
/home/noamgrosman/technionCourses/binary_translation/bzip2, 0x400000, fwrite@plt, 0x4012d0, 3, 1
/home/noamgrosman/technionCourses/binary_translation/bzip2, 0x400000, __libc_start_main@plt, 0x4011b0, 3, 1
/home/noamgrosman/technionCourses/binary_translation/bzip2, 0x400000, chmod@plt, 0x401270, 3, 1
/home/noamgrosman/technionCourses/binary_translation/bzip2, 0x400000, chown@plt, 0x401250, 3, 1
/home/noamgrosman/technionCourses/binary_translation/bzip2, 0x400000, open@plt, 0x401280, 3, 1
/home/noamgrosman/technionCourses/binary_translation/bzip2, 0x400000, utime@plt, 0x401070, 3, 1
/lib/x86_64-linux-gnu/libpthread.so.0, 0x79293878d000, .plt.got, 0x79293878e030, 2, 1
/lib64/ld-linux-x86-64.so.2, 0x79294c0bf000, _dl_sysdep_start_cleanup, 0x79294c0ddf80, 2, 1
/lib/x86_64-linux-gnu/libpthread.so.0, 0x79293878d000, frame_dummy, 0x79293878e0f0, 2, 1
