0x63d2ed76f15b, 4000, 0x63d2ed76f186, 4000
0x63d2ed76f149, 4000
0x63d2ed76f17c, 4000
0x63d2ed76f134, 4000
0x63d2ed76f129, 4000, 0x63d2ed76f146, 4000
0x63d2ed76f186, 4000, 3996, 4
0x63d2ed76f146, 4000, 0x63d2ed76f15b, 4000
0x785988b34428, 1650, 605, 1045
0x785988b3442c, 1064, 1035, 29
0x785988b3a980, 902, 22, 880
0x785988b3a99d, 902, 682, 220
0x785988b3a993, 902, 0, 902
0x785988b3012c, 672, 624, 48
0x785988b30120, 624, 47, 577
0x785988b3442f, 615, 615, 0
0x785988b3926e, 295
0x785988b3a9a9, 220, 216, 4
0x785988b2f87c, 213, 120, 93
0x785988b2f5dd, 209, 93, 116
0x785988b2f651, 209, 209, 0
0x785988b2f62b, 209, 209, 0
0x785988b2f590, 209, 0, 209
0x785988b2f61d, 209, 0, 209
0x785988b2f59a, 209, 204, 5
0x785988b2f639, 209, 209, 0
0x785988b2f5c2, 204, 0, 204
0x785988b3a930, 185, 163, 22
0x785988b3a920, 163, 0, 163
0x785988b4c4e0, 161, 34, 127
0x785988b34b8b, 155, 152, 3
0x785988b349a0, 152, 47, 105
0x785988b4d900, 135, 0x785988b2f4c3, 87, 0x785988b2f3ff, 18, 0x785988b313c4, 10, 0x785988b3139a, 8, 0x785988b3af8c, 5, 0x785988b30dc5, 3, 0x785988b2dd3f, 1, 0x785988b3b7b9, 1, 0x785988b2e3eb, 1, 0x785988b46534, 1
0x785988b4c4f5, 127, 7, 120
0x785988b2f870, 121, 1, 120
0x785988b4c4fa, 120, 107, 13
0x785988b2f610, 117, 3, 114
0x785988b34b40, 108, 0x785988b34b74, 68, 0x785988b35010, 16, 0x785988b34fd0, 16, 0x785988b34b70, 8
0x785988b349fb, 108, 0, 108
0x785988b34a13, 108, 0, 108
0x785988b34a1c, 108, 15, 93
0x785988b34b3a, 108, 0, 108
0x785988b34a09, 108, 0, 108
0x785988b34b23, 105, 105, 0
0x785988b30110, 95, 0, 95
0x785988b300d0, 95, 0, 95
0x785988b301d0, 95
0x785988b301fc, 95, 3, 92
0x785988b2f530, 95
0x785988b30185, 95, 0, 95
0x785988b30204, 95, 3, 92
0x785988b3018e, 95
0x785988b30170, 95, 0, 95
0x785988b30148, 95, 3, 92
0x785988b30273, 95, 0x785988b34ae3, 86, 0x785988b42438, 4, 0x785988b4712d, 1, 0x785988b4709e, 1, 0x785988b47010, 1, 0x785988b46f83, 1, 0x785988b46ef4, 1
0x785988b34a2e, 93, 0, 93
0x785988b2f831, 93
0x785988b34a43, 93, 7, 86
0x785988b2f888, 93
0x785988b2f818, 93, 0, 93
0x785988b2f390, 93, 1, 92
0x785988b2f8c9, 93, 92, 1
0x785988b30221, 92, 4, 88
0x785988b30230, 92, 0, 92
0x785988b30266, 92, 0, 92
0x785988b2f451, 92, 0x785988b2f8c9, 92
0x785988b2f785, 92, 0, 92
0x785988b2f3ec, 92, 62, 30
0x785988b2f7f5, 92, 0x785988b301fc, 92
0x785988b2f3cc, 92, 0, 92
0x785988b2f7cd, 92, 0, 92
0x785988b30166, 92, 0, 92
0x785988b2f407, 92, 0, 92
0x785988b2f7c8, 92, 0, 92
0x785988b2f413, 92, 5, 87
0x785988b3024a, 92, 1, 91
0x785988b2f7d6, 92, 5, 87
0x785988b34b11, 90, 0, 90
0x785988b30226, 88, 0, 88
0x785988b2f7ed, 87, 0, 87
0x785988b2f7e5, 87, 0, 87
0x785988b2f4b8, 87
0x785988b2f41c, 87, 87, 0
0x785988b2f4c3, 87, 87, 0
0x785988b34ab8, 86
0x785988b34aaa, 86, 0, 86
0x785988b34a5a, 86, 1, 85
0x785988b34a50, 86, 0, 86
0x785988b34ae3, 86, 3, 83
0x785988b34a69, 85, 0, 85
0x785988b34a75, 85, 85, 0
0x785988b34b74, 84, 16, 68
0x785988b34c05, 63, 16, 47
0x785988b43228, 52
0x785988b27f0a, 52, 50, 2
0x785988b27d50, 51, 51, 0
0x785988b27f90, 51, 51, 0
0x785988b3b641, 50, 1, 49
0x785988b3b655, 49, 9, 40
0x785988b3b64d, 49, 0, 49
0x785988b4c55a, 48, 22, 26
0x785988b34d4c, 47, 45, 2
0x785988b35150, 47, 47, 0
0x785988b34d42, 47, 0x7859742ca8e0, 2, 0x7859742b5070, 2, 0x7859742d8eb0, 2, 0x7859742d8fe0, 2, 0x785974337510, 1, 0x7859742d8f30, 1, 0x7859742b4fb0, 1, 0x7859742b4ce0, 1, 0x785988b3f8d0, 1, 0x7859742ca880, 1
0x785988b34d2b, 47, 47, 0
0x785988b34c0e, 47, 47, 0
0x785988b30350, 47
0x785988b350f8, 47
0x785988b3b343, 47, 47, 0
0x785988b3b30f, 47, 3, 44
0x785988b3ae74, 44, 5, 39
0x785988b3ae8c, 44, 44, 0
0x785988b3ae7f, 44, 0, 44
0x785988b3b1f0, 44, 42, 2
0x785988b4c540, 41, 4, 37
0x785988b3b65d, 40, 40, 0
0x785988b29379, 36, 32, 4
0x785988b4bb80, 34, 33, 1
0x785988b34413, 32, 3, 29
0x785988b29370, 32, 0, 32
0x785988b2f3f1, 30
0x785988b2f3ff, 30, 0, 30
0x785988b3b549, 30, 29, 1
0x785988b4d8e5, 30, 13, 17
0x785988b3b538, 30, 1, 29
0x785988b2d3af, 30, 20, 10
0x785988b3e274, 29, 1, 28
0x785988b3441a, 29, 0, 29
0x785988b34422, 29, 10, 19
0x785988b34438, 29, 28, 1
0x785988b3e287, 28, 3, 25
0x785988b2d39e, 27, 1, 26
0x785988b4d8f2, 26, 0x785988b2f3ff, 12, 0x785988b313c4, 5, 0x785988b3139a, 4, 0x785988b30d8a, 3, 0x785988b3b795, 1, 0x785988b2e3eb, 1
0x785988b4c55c, 26, 0x785988b4d660, 7, 0x785988b4cda0, 6, 0x785988b4d520, 3, 0x785988b4cc60, 3, 0x785988b4d3e0, 2, 0x785988b4cb20, 1, 0x785988b4d7a0, 1, 0x785988b4cee0, 1, 0x785988b4d2a0, 1, 0x785988b4c9e0, 1
0x785988b3e28d, 25
0x785988b4d8e0, 24, 15, 9
0x785988b3ac10, 24, 3, 21
0x785988b3ac70, 24, 0x785974298914, 1, 0x78597429f66c, 1, 0x785988b3ed1d, 1, 0x785988b3838c, 1, 0x785974298900, 1, 0x785988b3ed09, 1, 0x78597429f658, 1, 0x7859742988ec, 1, 0x78597429f644, 1, 0x7859742988d8, 1
0x785988b465c7, 23, 17, 6
0x785988b3a8f9, 23, 1, 22
0x785988b465b6, 23, 1, 22
0x785988b4c563, 22, 0x785988b4c620, 6, 0x785988b4d020, 5, 0x785988b4d520, 4, 0x785988b4d660, 3, 0x785988b4d2a0, 2, 0x785988b4cda0, 1, 0x785988b4d3e0, 1
0x785988b3a8f0, 22, 0, 22
0x785988b3a935, 22, 0, 22
0x785988b3a939, 22
0x785988b4327a, 22, 21, 1
0x785988b3a919, 22, 0, 22
0x785988b3a96f, 22
0x785988b41950, 22, 1, 21
0x785988b4195d, 22, 20, 2
0x785988b3a905, 22, 0, 22
0x785988b3a968, 22, 0, 22
0x785988b3a915, 22, 0, 22
0x785988b43270, 21, 0, 21
0x785988b43210, 21, 20, 1
0x785988b3ac3c, 21, 12, 9
0x785988b454c8, 20, 11, 9
0x785988b31070, 19, 1, 18
0x785988b310be, 19, 0x785988b3b230, 4, 0x785988b3172d, 3, 0x785988b31a69, 1, 0x785988b29ba3, 1, 0x785988b41cee, 1, 0x785988b281a0, 1, 0x785988b2c47c, 1, 0x785988b3928d, 1, 0x785988b3921a, 1, 0x785988b27c37, 1
0x785988b31094, 18, 2, 16
0x785988b45266, 18, 1, 17
0x785988b45277, 18, 13, 5
0x785988b310b3, 17, 0, 17
0x785988b34fdd, 16, 0, 16
0x785988b34b81, 16, 0, 16
0x785988b31808, 16, 14, 2
0x785988b34ff2, 16
0x785988b34bf8, 16, 0, 16
0x785988b34df8, 16, 16, 0
0x785988b35010, 16
0x785988b34fd0, 16, 0, 16
0x785988b313c4, 15, 12, 3
0x785988b350d8, 15, 15, 0
0x785988b313b9, 15
0x785988b41fe0, 14, 12, 2
0x785988b2d685, 14, 12, 2
0x785988b2ccf1, 14, 1, 13
0x785988b461a7, 13, 1, 12
0x785988b461b0, 13, 11, 2
0x785988b2ccfc, 13, 9, 4
0x785988b2d67c, 13, 1, 12
0x785988b4c52c, 13, 2, 11
0x785988b460f8, 12, 4, 8
0x785988b31380, 12
0x785988b4c2d7, 12, 1, 11
0x785988b313b0, 12, 9, 3
0x785988b3d090, 12, 1, 11
0x785988b3ac45, 12, 12, 0
0x785988b42020, 12, 3, 9
0x785988b3ac48, 12, 12, 0
0x785988b42054, 12, 6, 6
0x785988b3139a, 12, 0, 12
0x785988b3ac78, 12
0x785988b2d660, 12, 11, 1
0x785988b3139e, 12, 12, 0
0x785988b4c2b0, 12, 0, 12
0x785988b454cf, 12, 12, 0
0x785988b3d0a0, 11
0x785988b46906, 11, 1, 10
0x785988b46190, 11, 10, 1
0x785988b4691b, 11, 7, 4
0x785988b3d0ac, 11, 11, 0
0x785988b3d0cd, 11, 0x785988b3f38f, 1, 0x785988b3f37e, 1, 0x785988b3f334, 1, 0x785988b3f371, 1, 0x785988b3f345, 1, 0x785988b3f30e, 1, 0x785988b3f31f, 1, 0x785988b3f364, 1, 0x785988b3f2e0, 1, 0x785988b3f301, 1
0x785988b3d0e0, 11, 8, 3
0x785988b4c2f7, 11, 0x785988b42031, 9, 0x785988b2e471, 1, 0x785988b2bb72, 1
0x785988b3d0fa, 11, 4, 7
0x785988b2d3b5, 10, 3, 7
0x785988b4b920, 10, 3, 7
0x785988b31950, 10, 9, 1
0x785988b3b630, 10, 0, 10
0x785988b4db2a, 10, 3, 7
0x785988b4d660, 10, 5, 5
0x785988b4db00, 10, 0, 10
0x785988b313d8, 9, 0x785988b3ad88, 5, 0x785988b2e3a4, 4
0x785988b2cce8, 9, 0, 9
0x785988b3b84c, 9
0x785988b311c0, 9, 9, 0
0x785988b311e4, 9, 0x785988b31070, 9
0x785988b46107, 9, 0, 9
0x785988b42031, 9, 3, 6
0x785988b4b936, 9, 0x785988b38878, 2, 0x785988b39412, 1, 0x785988b28756, 1, 0x785988b27c7e, 1, 0x785988b27c6b, 1, 0x785988b3ba96, 1, 0x785988b3194e, 1, 0x785988b3ba8e, 1
0x785988b3b6fd, 9, 0x785988b3b858, 8, 0x785988b3b8e2, 1
0x785988b420eb, 9, 0x785988b41dfc, 3, 0x785988b41bb6, 3, 0x785988b41ae2, 3
0x785988b4610c, 9, 0x785988b46116, 4, 0x785988b46179, 2, 0x785988b463e4, 1, 0x785988b46418, 1, 0x785988b463c8, 1
0x785988b46103, 9, 0, 9
0x785988b42024, 9
0x785988b2cc00, 9, 1, 8
0x785988b4b92d, 9, 0, 9
0x785988b42088, 9, 9, 0
0x785988b454cc, 9, 8, 1
0x785988b3b858, 9, 1, 8
0x785988b293f9, 8, 2, 6
0x785988b3b820, 8, 0, 8
0x785988b293f0, 8, 2, 6
0x785988b34b70, 8, 0, 8
0x785988b3b85c, 8, 5, 3
0x785988b3d138, 8, 5, 3
0x785988b4ad1f, 8
0x785988b4ad0d, 8, 4, 4
0x785988b39e60, 8, 0x785988b31637, 3, 0x785988b39457, 1, 0x785988b46e53, 1, 0x785988b3930b, 1, 0x785988b4606f, 1, 0x785988b2d91a, 1
0x785988b4ad00, 8, 0, 8
0x785974228720, 8, 0x785988b3ac10, 8
0x785988b4ad2c, 8, 0, 8
0x785988b2cc09, 8, 1, 7
0x785988b4ad34, 8, 0x785988b2cf79, 3, 0x785988b31121, 2, 0x785988b2ce18, 1, 0x785988b2dc4a, 1, 0x785988b3136d, 1
0x785988b38290, 7, 4, 3
0x785988b351d4, 7, 7, 0
0x785988b351ca, 7, 0, 7
0x785988b351ed, 7
0x785988b4db3a, 7, 0x785988b42115, 3, 0x785988b31a96, 1, 0x785988b31705, 1, 0x785988b2e578, 1, 0x785988b43f0e, 1
0x785988b3872a, 7
0x785988b3ad7d, 7
0x785988b3ad88, 7, 5, 2
0x785988b34b09, 7, 0, 7
0x785988b36cc7, 7, 0, 7
0x785988b3d114, 7, 4, 3
0x785988b38735, 7, 5, 2
0x785988b351c1, 7, 0, 7
0x785988b4cda0, 7, 6, 1
0x785988b36cd2, 7
0x785988b351b0, 7, 0, 7
0x785988b382cd, 7, 4, 3
0x785988b2d3c2, 7, 1, 6
0x785988b2cc12, 7, 3, 4
0x785988b3871d, 7, 0, 7
0x785988b382da, 7, 4, 3
0x785988b382df, 7, 0x785988b38735, 7
0x785988b4d520, 7, 2, 5
0x785988b4bb32, 6, 2, 4
0x785988b42066, 6, 0, 6
0x785988b465cd, 6, 0, 6
0x785988b4b950, 6, 4, 2
0x785988b34914, 6, 0, 6
0x785988b42083, 6
0x785988b34684, 6, 3, 3
0x785988b2949b, 6
0x785988b29480, 6, 3, 3
0x785988b2d3ce, 6
0x785988b4c68a, 6, 6, 0
0x785988b4c650, 6, 0, 6
0x785988b4c620, 6, 0, 6
0x785988b4203d, 6, 6, 0
0x785988b29404, 6, 6, 0
0x785988b293fe, 6, 0, 6
0x785988b4bb10, 6, 0, 6
0x785988b4c580, 6, 4, 2
0x785988b348d0, 6, 2, 4
0x785988b3493d, 6, 3, 3
0x785988b34924, 6, 0, 6
0x785988b465da, 6, 1, 5
0x785988b3ae45, 5, 0, 5
0x785988b4b910, 5
0x785988b2f4f0, 5, 5, 0
0x785988b46179, 5, 5, 0
0x785988b38680, 5, 3, 2
0x785988b4d550, 5, 0, 5
0x785988b4d6ca, 5, 5, 0
0x785988b2fb30, 5, 5, 0
0x785988b3af51, 5, 2, 3
0x785988b3a802, 5, 0x785988b3eca7, 1, 0x785988b3ec71, 1, 0x785988b3ec42, 1, 0x785988b3ec05, 1, 0x785988b3ebce, 1
0x785988b3a864, 5, 0, 5
0x785988b3d160, 5
0x785988b3af8c, 5, 0, 5
0x785988b38710, 5, 0, 5
0x785988b3a7a8, 5, 0, 5
0x785988b3a7c8, 5, 0, 5
0x785988b2e399, 5
0x785988b4d690, 5, 0, 5
0x785988b3ae24, 5, 0, 5
0x785988b4d020, 5, 5, 0
0x785988b2f5bc, 5, 0, 5
0x785988b3ad70, 5, 0, 5
0x785988b3e257, 5, 1, 4
0x785988b3a770, 5, 0, 5
0x785988b2e3a4, 5, 1, 4
0x785988b3a79b, 5, 0, 5
0x785988b3b290, 5, 2, 3
0x785988b3d172, 5, 5, 0
0x785988b3a7d7, 5, 5, 0
0x785988b3a855, 5, 5, 0
0x785988b3a844, 5, 5, 0
0x785988b2e37d, 5, 0, 5
0x785988b42005, 5, 0x785988b41dfc, 1, 0x785988b41d84, 1, 0x785988b41bb6, 1, 0x785988b41ae2, 1, 0x785988b41a9a, 1
0x785988b465ea, 5
0x785988b4b927, 5, 3, 2
0x785988b4527d, 5, 0, 5
0x785988b3ae34, 5, 0, 5
0x785988b3a869, 5, 5, 0
0x785988b3b880, 5, 5, 0
0x785988b4d58a, 5, 4, 1
0x785988b42508, 5, 4, 1
0x785988b3ae52, 5, 0, 5
0x785988b3a890, 5
0x785988b3ae5c, 5, 0, 5
0x785988b4528a, 5, 1, 4
0x785988b3af70, 5
0x785988b3af9b, 5, 5, 0
0x785988b2c91d, 4, 0, 4
0x785988b34708, 4, 0x785988b47789, 2, 0x785988b4839c, 1, 0x785988b476f2, 1
0x785988b381d0, 4, 0, 4
0x785988b46159, 4, 0, 4
0x785988b2ceaf, 4, 3, 1
0x785988b3a9b8, 4, 0, 4
0x785988b3d1c0, 4
0x785988b2a4a8, 4, 3, 1
0x785988b3e262, 4, 4, 0
0x785988b4bb38, 4, 0x785988b2c527, 4
0x785988b38328, 4, 4, 0
0x785988b4b980, 4, 0x785988b41de0, 3, 0x785988b3176e, 1
0x785988b2cc1b, 4, 0, 4
0x785988b2a49f, 4, 0, 4
0x785988b42438, 4, 0, 4
0x785988b42456, 4, 0, 4
0x785988b4246b, 4, 0, 4
0x785988b34240, 4, 1, 3
0x785988b42475, 4, 0x785988b4258f, 1, 0x785988b4257a, 1, 0x785988b42565, 1, 0x785988b42550, 1
0x785988b3acb7, 4, 1, 3
0x785988b3b230, 4, 0, 4
0x785988b29330, 4, 4, 0
0x785988b3b267, 4, 2, 2
0x785988b3acce, 4, 2, 2
0x785988b2c527, 4, 1, 3
0x785988b41ae2, 4, 3, 1
0x785988b2cd02, 4, 1, 3
0x785988b4244b, 4, 0, 4
0x785988b29381, 4, 0x785988b2949b, 3, 0x785988b29c6c, 1
0x785988b3e250, 4
0x63d2ed76f193, 4, 3, 1
0x785988b3b5ee, 4, 3, 1
0x785988b2a499, 4, 0, 4
0x63d2ed76f173, 4
0x785988b2c518, 4
0x785988b381e7, 4, 0x785988b2d86e, 1, 0x785988b46de8, 1, 0x785988b467bc, 1, 0x785988b45731, 1
0x785988b4692e, 4, 1, 3
0x785988b2c939, 4, 0, 4
0x785988b3a9bd, 4, 4, 0
0x785988b2c929, 4, 0, 4
0x785988b4245b, 4, 0, 4
0x785988b46144, 4, 1, 3
0x785988b46460, 4, 1, 3
0x785988b2e3b2, 4, 2, 2
0x785988b2e3a8, 4, 0, 4
0x785988b381c3, 4, 1, 3
0x785988b2e370, 4, 1, 3
0x785988b382c4, 4, 0, 4
0x785988b381b0, 4, 0, 4
0x785988b3b377, 4, 0x785988b3b5ee, 4
0x63d2ed76f18a, 4, 4, 0
0x785988b3b247, 4, 1, 3
0x785988b3b5e0, 4
0x785988b2cc39, 4, 1, 3
0x785988b46116, 4, 3, 1
0x785988b41dfc, 4, 3, 1
0x785988b46169, 4, 4, 0
0x785988b42400, 4
0x785988b41bb6, 4, 3, 1
0x785988b4685b, 4, 3, 1
0x785988b2cf1f, 4, 1, 3
0x785988b45296, 4
0x785988b348dc, 4, 3, 1
0x785988b3ac90, 4, 0, 4
0x785988b3b216, 4, 0x785988b311c0, 4
0x785988b4ad58, 4, 3, 1
0x785988b3a9b0, 4, 4, 0
0x785988b2c94c, 4, 0, 4
0x785988b46921, 4, 0, 4
0x785988b2c952, 4, 2, 2
0x785988b3d1e0, 4
0x785988b450b8, 3, 2, 1
0x785988b3f9e0, 3, 0, 3
0x785988b2cd70, 3, 2, 1
0x785988b2cca2, 3, 0, 3
0x78597429696c, 3, 2, 1
0x785974296a2b, 3, 0, 3
0x785988b346da, 3, 0, 3
0x785988b2cf79, 3, 3, 0
0x785988b30d6e, 3
0x785988b2cf54, 3
0x785988b2a824, 3, 2, 1
0x785988b34720, 3, 1, 2
0x785974296219, 3, 1, 2
0x785988b4b680, 3, 0, 3
0x785988b45640, 3, 0, 3
0x7859742961fa, 3, 0, 3
0x785988b2a727, 3, 0x785988b2a824, 3
0x7859742961f2, 3, 0, 3
0x785988b4b68b, 3, 3, 0
0x785988b41de0, 3
0x7859742962be, 3
0x785988b31739, 3
0x785974296274, 3, 3, 0
0x785988b27c02, 3, 2, 1
0x785988b31610, 3, 0x785988b39e60, 3
0x785988b34484, 3, 2, 1
0x785988b4693e, 3
0x785974296380, 3
0x785988b46852, 3, 1, 2
0x785988b46840, 3, 1, 2
0x785988b26090, 3, 0, 3
0x785988b3ae0c, 3, 3, 0
0x785988b27bd8, 3, 2, 1
0x785988b3af68, 3
0x785988b2cea1, 3, 0, 3
0x785988b3fcde, 3, 0x785988b2a580, 3
0x785988b3fcd0, 3, 0, 3
0x785988b4adc3, 3, 0x785988b35451, 3
0x785988b4cc60, 3, 1, 2
0x785988b4769d, 3, 2, 1
0x785988b2a568, 3
0x785988b41c28, 3, 3, 0
0x785974296257, 3, 0, 3
0x785988b31637, 3, 1, 2
0x785988b34b9f, 3, 1, 2
0x785988b2a578, 3
0x785988b45665, 3, 3, 0
0x785988b3d0f4, 3, 0, 3
0x785988b3d14c, 3, 3, 0
0x785988b27cae, 3, 2, 1
0x785988b30dc9, 3, 0x785988b26034, 1, 0x785988b4277f, 1, 0x785988b4273c, 1
0x785988b260b1, 3, 2, 1
0x785988b348f7, 3, 0, 3
0x785988b2d005, 3, 0, 3
0x785988b382b7, 3, 0, 3
0x785988b41c5e, 3
0x785988b2d398, 3, 0, 3
0x785988b4d2a0, 3, 1, 2
0x785988b346bf, 3, 0, 3
0x785988b3b5c0, 3, 3, 0
0x785988b30d18, 3, 3, 0
0x785988b4646c, 3, 2, 1
0x785988b45694, 3, 2, 1
0x78597429689e, 3, 0, 3
0x785988b346e7, 3, 0, 3
0x785974296248, 3, 0, 3
0x785988b3497f, 3, 0, 3
0x785974296211, 3, 0, 3
0x785988b34901, 3, 2, 1
0x785988b2d00f, 3, 3, 0
0x785988b3b1e9, 3, 2, 1
0x785988b3b85e, 3, 3, 0
0x785988b47742, 3, 1, 2
0x785988b2a580, 3, 2, 1
0x7859742962b0, 3, 0, 3
0x785988b343a0, 3, 1, 2
0x785988b41c83, 3, 3, 0
0x785988b34479, 3, 0, 3
0x785988b3d0e8, 3
0x785988b2a7fb, 3, 3, 0
0x785988b3b353, 3, 2, 1
0x785988b342f6, 3, 3, 0
0x785988b2a530, 3, 2, 1
0x785988b2948c, 3
0x7859742962a2, 3, 0, 3
0x785988b42040, 3, 3, 0
0x785988b2a670, 3, 1, 2
0x785988b3adc0, 3, 2, 1
0x785988b41c2f, 3, 2, 1
0x785974296a2f, 3
0x785988b2a80e, 3, 0, 3
0x785988b34272, 3, 0, 3
0x785988b2a7ea, 3, 0, 3
0x785988b28596, 3, 1, 2
0x785988b46149, 3, 3, 0
0x785988b3b346, 3, 0, 3
0x785988b4db3e, 3, 0, 3
0x785988b35451, 3, 3, 0
0x785988b3181f, 3, 1, 2
0x785988b3176e, 3, 1, 2
0x785988b3b208, 3, 0, 3
0x785988b3fa02, 3, 0, 3
0x785988b30d41, 3, 0, 3
0x785988b34569, 3, 3, 0
0x785988b346a8, 3, 0, 3
0x785988b2cf42, 3, 0, 3
0x785988b346cc, 3, 0, 3
0x785988b3ac80, 3
0x785988b346f8, 3, 3, 0
0x785988b313c8, 3, 0x785988b3ad88, 2, 0x785988b2e3a4, 1
0x785988b35441, 3
0x785988b382bf, 3, 0, 3
0x785988b306d9, 3
0x785988b30d60, 3, 0, 3
0x785988b4adb0, 3
0x785988b4adbb, 3, 0, 3
0x785974296aa0, 3, 2, 1
0x785988b3d140, 3
0x785988b3d120, 3
0x785988b41ac8, 3
0x785988b4775e, 3, 1, 2
0x785988b305d2, 3, 3, 0
0x785988b47789, 3, 2, 1
0x785988b4210d, 3
0x785988b34691, 3
0x785988b3172d, 3, 0, 3
0x785988b4db82, 3, 0x785988b318bf, 1, 0x785988b4dab3, 1, 0x785988b3ba2d, 1
0x785988b42115, 3
0x785988b4767f, 3, 1, 2
0x785988b30dc5, 3, 0, 3
0x785988b34400, 3, 0, 3
0x785988b30db9, 3
0x785988b41b88, 3
0x785988b3452f, 3, 3, 0
0x785988b4b640, 3, 0, 3
0x785988b2cff8, 3, 1, 2
0x785988b30d8e, 3, 0, 3
0x785988b30d8a, 3, 0, 3
0x785988b45148, 3, 2, 1
0x785988b4b64e, 3, 3, 0
0x785988b30cf5, 3, 1, 2
0x785988b30cd8, 3, 0, 3
0x785988b4b6b0, 3, 0x785988b41c83, 3
0x785988b30ca0, 3, 0, 3
0x785988b454b3, 3, 2, 1
0x785988b4565e, 3, 0, 3
0x785988b46136, 3, 0, 3
0x785988b3494d, 3, 0, 3
0x785988b41dc0, 3
0x785988b2f9b5, 3, 0x785988b301fc, 3
0x785988b301c0, 3, 3, 0
0x785988b305cd, 3, 0, 3
0x785988b3b34c, 3, 3, 0
0x785988b4d3e0, 3, 2, 1
0x785988b2c57c, 3, 3, 0
0x785988b31980, 3
0x785988b3065b, 3
0x785988b317be, 3, 1, 2
0x785988b3fa06, 3, 0x785988b2a5a3, 1, 0x785988b2a42c, 1, 0x785988b4787b, 1
0x785988b2a812, 3
0x785988b34290, 3, 3, 0
0x785988b2cd0e, 3, 2, 1
0x785988b2c533, 3, 0, 3
0x785988b316c0, 3, 2, 1
0x785988b28588, 3, 0, 3
0x785988b3b1c5, 3, 0, 3
0x785988b260fe, 3, 2, 1
0x785988b3b2cc, 3, 3, 0
0x785988b3b309, 3
0x785988b35418, 3, 0, 3
0x7859742968bb, 3, 3, 0
0x785988b3b2f8, 2, 2, 0
0x785988b456af, 2, 1, 1
0x785988b27a2d, 2, 0x785988b2651c, 2
0x785988b27ea2, 2, 1, 1
0x785988b3b35f, 2, 1, 1
0x785988b3943e, 2, 1, 1
0x785988b3b2cf, 2, 2, 0
0x785988b2c855, 2, 0, 2
0x785988b3b277, 2
0x785988b293c1, 2, 0, 2
0x785988b293d1, 2, 2, 0
0x785988b456b4, 2, 1, 1
0x785988b4ae10, 2, 1, 1
0x785988b3b1a7, 2, 1, 1
0x785974296a18, 2, 0, 2
0x785988b29450, 2, 0, 2
0x785988b2946b, 2, 0x785988b29bcb, 1, 0x785988b29b8f, 1
0x7859742b50a0, 2, 0, 2
0x7859742d8fe0, 2, 0, 2
0x785988b27830, 2, 2, 0
0x785988b461bc, 2, 2, 0
0x785988b29af8, 2, 1, 1
0x785988b3adf4, 2, 2, 0
0x785988b29b07, 2, 1, 1
0x785988b264f2, 2
0x785988b3b412, 2, 0, 2
0x785988b3b41b, 2
0x785988b31857, 2, 1, 1
0x785988b34458, 2, 0, 2
0x785988b3113c, 2, 0, 2
0x785988b386d6, 2
0x785988b4aa20, 2
0x785988b47458, 2, 1, 1
0x785988b30d08, 2, 1, 1
0x785988b41c87, 2, 1, 1
0x785988b27854, 2, 0, 2
0x785988b293a0, 2, 0, 2
0x7859742ca919, 2, 0, 2
0x785988b27e67, 2, 0, 2
0x785988b47738, 2, 1, 1
0x785988b4bb5a, 2, 1, 1
0x785988b456a7, 2, 2, 0
0x785988b387de, 2
0x785988b474b7, 2, 1, 1
0x785988b4776a, 2
0x785988b27e75, 2, 0, 2
0x785988b38878, 2
0x785988b3886d, 2
0x785988b4bb98, 2, 0x785988b39426, 1, 0x785988b2cf0f, 1
0x785988b30df8, 2, 2, 0
0x785988b47684, 2, 0, 2
0x785988b2e2f0, 2, 0, 2
0x785988b264b5, 2, 2, 0
0x785988b3196e, 2, 0x785988b467f3, 1, 0x785988b4602c, 1
0x785988b2c8be, 2, 0, 2
0x785988b26500, 2, 0, 2
0x785988b3ace5, 2, 0, 2
0x785988b384f6, 2, 0x785988b2a50e, 1, 0x785988b28505, 1
0x785988b2c9d0, 2, 0x785988b2d675, 1, 0x785988b461a7, 1
0x785988b27e46, 2
0x785988b3ad11, 2, 2, 0
0x785988b383a0, 2, 2, 0
0x785988b386c9, 2, 0, 2
0x785988b387a3, 2, 2, 0
0x785988b3fbb0, 2, 0, 2
0x785988b2651c, 2, 0, 2
0x785988b4b95f, 2, 2, 0
0x785988b3178b, 2, 2, 0
0x785988b3865d, 2, 0, 2
0x785988b47670, 2, 0, 2
0x785988b2c8c9, 2
0x785988b4768a, 2, 0, 2
0x7859742b50e0, 2, 0, 2
0x785988b3112a, 2
0x785988b285a3, 2, 1, 1
0x785988b317cf, 2, 0, 2
0x785988b317df, 2, 2, 0
0x785988b281f0, 2, 1, 1
0x785988b27ce0, 2, 2, 0
0x785988b28204, 2, 2, 0
0x785988b3472e, 2, 0, 2
0x785988b27d2c, 2, 0, 2
0x785988b27cf6, 2, 0, 2
0x785988b27d5a, 2
0x785988b2bb50, 2
0x785988b2bb72, 2, 0, 2
0x785988b27d6d, 2, 2, 0
0x785988b26480, 2, 0, 2
0x785988b3873e, 2, 2, 0
0x785988b26558, 2
0x785988b4b000, 2, 0x785988b26500, 2
0x785988b279f0, 2
0x785988b2e364, 2
0x785988b343c0, 2, 1, 1
0x785988b27c9a, 2
0x785988b27f1b, 2
0x785988b27e85, 2, 2, 0
0x785988b2e403, 2, 0x785988b27a2d, 2
0x785974298ea5, 2, 0x7859742969bc, 1, 0x785974296358, 1
0x785988b2a6aa, 2, 0, 2
0x785988b2bb77, 2, 0x785988b27d6d, 2
0x785988b2a6d5, 2, 1, 1
0x785988b2c8b2, 2, 0, 2
0x785988b34bc7, 2, 0, 2
0x785988b2c863, 2
0x785988b4a8fb, 2, 0, 2
0x785988b2652c, 2, 0x785988b27e67, 2
0x785988b31660, 2, 1, 1
0x785988b4ab79, 2, 0x785988b2acbc, 1, 0x785988b312ff, 1
0x785988b4c5a7, 2, 2, 0
0x7859742ca95f, 2
0x785988b31896, 2, 2, 0
0x785988b31121, 2, 0, 2
0x785988b344c0, 2, 1, 1
0x785988b2e3be, 2, 1, 1
0x785988b4b955, 2, 0, 2
0x785988b2a71f, 2, 1, 1
0x785988b3879e, 2, 0, 2
0x785988b31659, 2, 1, 1
0x785988b3166c, 2, 0x785988b39e60, 2
0x785988b4ab40, 2, 0, 2
0x785988b4ab55, 2, 0, 2
0x785988b4ab60, 2
0x785988b4ab71, 2, 0, 2
0x785988b3b304, 2, 1, 1
0x785988b4aa2b, 2, 0, 2
0x785988b4a903, 2, 0x785988b2cfae, 1, 0x785988b31330, 1
0x785988b348e8, 2, 0, 2
0x785988b2650c, 2, 0x785988b279f0, 2
0x785988b2c840, 2, 0, 2
0x785988b34736, 2, 0, 2
0x785988b2c8a3, 2, 0, 2
0x785988b4aa33, 2, 0x785988b2d82f, 1, 0x785988b3134f, 1
0x785988b29adf, 2, 0, 2
0x785988b2d691, 2, 2, 0
0x785988b2c8a9, 2, 0, 2
0x7859742d902d, 2, 0x785988b34d4c, 2
0x785988b3afc8, 2, 2, 0
0x785988b2c95c, 2, 0, 2
0x785988b46849, 2, 0, 2
0x785988b3b3cf, 2, 2, 0
0x785988b31100, 2
0x7859742d8f10, 2, 0, 2
0x785988b454a0, 2, 0, 2
0x7859742d8ffd, 2, 2, 0
0x785988b27820, 2, 0x785988b47891, 1, 0x785988b4736c, 1
0x785988b2c902, 2, 0, 2
0x785988b27bc0, 2, 2, 0
0x785988b3b358, 2, 0, 2
0x785988b4bb4a, 2, 0, 2
0x785988b4d2d0, 2, 0, 2
0x785988b3ad9d, 2, 1, 1
0x785988b4b95a, 2, 0, 2
0x785988b2c964, 2
0x785988b34749, 2
0x785988b2c9cc, 2, 0, 2
0x785988b2c89c, 2, 0, 2
0x785988b2e324, 2, 0, 2
0x785988b2e33b, 2, 0, 2
0x7859742ca904, 2, 0x785988b34d4c, 2
0x785988b3867a, 2, 2, 0
0x785974298e10, 2, 0, 2
0x785988b3ad8c, 2, 0, 2
0x785988b4b96d, 2, 0x785988b3176e, 2
0x785988b310e0, 2, 2, 0
0x785988b4cc90, 2, 0, 2
0x785988b27c94, 2, 2, 0
0x785988b34bd4, 2
0x785988b4ccca, 2, 1, 1
0x785988b26120, 2, 0x785988b2a578, 2
0x785988b41962, 2, 2, 0
0x785988b4d30a, 2, 2, 0
0x7859742d8f18, 2, 0x785988b34d4c, 2
0x7859742d8ee3, 2, 2, 0
0x785988b4a8f0, 2
0x7859742d8ed8, 2, 0, 2
0x7859742d8eb0, 2, 2, 0
0x785988b4abb0, 2
0x785974298e3b, 2, 0x78597429682b, 1, 0x785974296143, 1
0x785988b34d5c, 2
0x785988b4abbe, 2, 0, 2
0x785988b4abc6, 2, 0x785988b2d0c4, 1, 0x785988b2ae87, 1
0x785988b2785b, 2, 0x785988b47882, 1, 0x785988b2d930, 1
0x785988b38693, 2, 2, 0
0x785988b3171e, 2, 0x785988b311c0, 2
0x785988b27f30, 2
0x7859742ca950, 2, 0, 2
0x7859742ca924, 2, 2, 0
0x7859742ca910, 2, 0, 2
0x7859742ca8e0, 2, 2, 0
0x785988b3fbbe, 2, 0x785988b2d988, 1, 0x785988b473e9, 1
0x785974296959, 2, 2, 0
0x785974298e60, 2, 2, 0
0x785988b31a80, 2, 1, 1
0x785988b2e3eb, 2, 2, 0
0x7859742b50a9, 2, 0, 2
0x785988b27ca8, 2, 2, 0
0x7859742b50ef, 2
0x7859742b50b4, 2, 2, 0
0x785974296890, 2, 0, 2
0x7859742968ef, 2, 2, 0
0x7859742b5070, 2, 2, 0
0x7859742b5094, 2, 0x785988b34d4c, 2
0x785988b2a6b7, 2, 2, 0
0x785988b31148, 2
0x785988b2cda3, 1, 0, 1
0x785988b3d462, 1, 0, 1
0x785988b2cd98, 1, 0, 1
0x785988b2cdb0, 1, 0, 1
0x785988b475a4, 1, 0, 1
0x785988b48359, 1
0x785988b3d46f, 1
0x785988b2cd83, 1, 0, 1
0x785988b2cd5e, 1, 1, 0
0x785988b3b402, 1, 1, 0
0x785988b2cd31, 1, 0, 1
0x7859742d8f56, 1, 0, 1
0x785988b2d1f0, 1
0x785988b2d14d, 1, 1, 0
0x785988b2d140, 1, 0, 1
0x785988b29ab0, 1, 0, 1
0x78597433740d, 1, 1, 0
0x785988b2ccbc, 1, 0, 1
0x785988b2cdea, 1
0x785988b482d1, 1
0x785988b3f930, 1, 1, 0
0x785988b2ce18, 1, 0, 1
0x785988b2d455, 1, 0, 1
0x785988b2d0e0, 1
0x785988b450de, 1, 0, 1
0x785988b2cb71, 1, 0, 1
0x785988b47a2a, 1, 1, 0
0x785988b2d0c4, 1, 1, 0
0x785988b2dd47, 1
0x785988b2d5b6, 1, 1, 0
0x785988b2d0a3, 1
0x785988b4546e, 1, 0, 1
0x785988b2d091, 1, 1, 0
0x785988b4543d, 1, 0, 1
0x785988b2d060, 1, 1, 0
0x7859742b4d5f, 1
0x785988b41f11, 1, 0, 1
0x785988b2822e, 1, 1, 0
0x785988b476a6, 1
0x785988b2d4af, 1, 0, 1
0x785988b3194e, 1, 1, 0
0x785988b31a71, 1
0x785988b2cef8, 1
0x785988b318bf, 1, 0, 1
0x785988b31899, 1, 0, 1
0x7859742b25b0, 1, 0, 1
0x785988b41f2e, 1, 0x785988b41a59, 1
0x785988b3186f, 1, 0, 1
0x785988b2db19, 1
0x785988b2cf0f, 1, 1, 0
0x785988b2ca91, 1, 0, 1
0x785988b2ca7f, 1, 0, 1
0x785988b3cc43, 1, 0, 1
0x7859742cbb6e, 1, 1, 0
0x785988b2d2b0, 1, 1, 0
0x7859742b2264, 1, 1, 0
0x785988b27eff, 1, 1, 0
0x785988b2cfb6, 1, 1, 0
0x785988b2cfae, 1, 0, 1
0x785988b3e7ec, 1
0x785988b2d34d, 1, 0, 1
0x785988b2a780, 1, 0, 1
0x785988b2e60f, 1
0x785988b2e829, 1, 1, 0
0x7859742b1fe0, 1, 0, 1
0x785988b2ae87, 1, 1, 0
0x785988b2f8d6, 1
0x785988b2d361, 1, 0, 1
0x785988b2add8, 1, 0, 1
0x785974247999, 1, 1, 0
0x785988b27c0b, 1, 0x785988b31070, 1
0x785988b39bd0, 1
0x785988b2d376, 1, 1, 0
0x785988b3b602, 1, 0x785988b44c94, 1
0x785988b2b000, 1
0x785988b2ae61, 1, 1, 0
0x785988b2d400, 1, 1, 0
0x785988b2ade4, 1, 1, 0
0x785988b3cc36, 1, 0, 1
0x7859742ee200, 1
0x785988b2ad40, 1, 1, 0
0x785974244f50, 1, 0, 1
0x785988b27c6b, 1
0x785988b2af70, 1, 1, 0
0x785988b2ad38, 1, 0, 1
0x785988b2dac6, 1, 0, 1
0x785988b2ad0d, 1, 0, 1
0x785988b34325, 1, 1, 0
0x785988b2dad5, 1, 0, 1
0x785988b2ad01, 1, 0, 1
0x785988b3b52c, 1
0x785974247a2e, 1
0x785988b2acc8, 1
0x785988b2acbc, 1, 0, 1
0x785988b2e7f2, 1
0x785988b4dca0, 1, 0, 1
0x785988b2d428, 1, 0, 1
0x785988b2e7e0, 1, 0, 1
0x785988b2e7cb, 1, 0, 1
0x785988b4bb6f, 1, 1, 0
0x785988b4daa0, 1
0x785988b3ba62, 1, 0, 1
0x785988b3ba2d, 1, 1, 0
0x785988b3ba21, 1
0x785988b2c7a5, 1
0x785988b3ba06, 1, 0, 1
0x785988b3b9dd, 1, 0, 1
0x785988b3b99f, 1, 0, 1
0x785988b450b1, 1, 1, 0
0x785988b2d8f3, 1, 0, 1
0x785988b3b972, 1, 1, 0
0x785988b2d43f, 1, 0, 1
0x785988b3b8c8, 1, 0, 1
0x785988b39360, 1, 0, 1
0x785988b3b8e9, 1, 1, 0
0x785988b3b890, 1
0x785988b3b63d, 1, 1, 0
0x785988b3b6be, 1, 1, 0
0x785988b46006, 1
0x785988b2dc29, 1
0x785988b3b680, 1, 0, 1
0x785988b2d47f, 1, 0, 1
0x785988b31a60, 1, 0x785988b31070, 1
0x785988b2d48f, 1, 0, 1
0x785988b2d4c7, 1, 0, 1
0x785988b4d5c2, 1, 0, 1
0x785988b41a59, 1
0x785988b2d4f7, 1, 0, 1
0x7859742b15d0, 1, 1, 0
0x785988b3b7b9, 1
0x785988b2d510, 1, 0, 1
0x785988b27a40, 1, 1, 0
0x785988b2d52e, 1, 0, 1
0x785988b2d551, 1, 1, 0
0x785988b2d55d, 1, 1, 0
0x785988b2d58c, 1, 0, 1
0x785988b41ada, 1
0x785988b2a380, 1, 0, 1
0x785988b3b772, 1, 0, 1
0x785988b2a418, 1
0x785988b2d599, 1, 1, 0
0x785988b3b75a, 1, 0, 1
0x785988b2daf9, 1
0x785988b281e4, 1
0x785988b28740, 1
0x785988b3c00b, 1
0x785988b2d5cd, 1, 1, 0
0x785988b38d67, 1
0x785988b45bdd, 1, 1, 0
0x7859742b219d, 1, 0, 1
0x7859742b1740, 1, 0, 1
0x785988b2d5df, 1, 0, 1
0x785988b316f7, 1
0x785988b2e4eb, 1
0x785988b3bf42, 1, 0, 1
0x785988b2ce92, 1, 0, 1
0x7859742a1af0, 1, 1, 0
0x785988b2d5ef, 1, 0, 1
0x785988b2d621, 1, 0, 1
0x785988b3bc42, 1, 1, 0
0x785988b26425, 1, 0x785988b47584, 1
0x785988b3134f, 1
0x785988b4737e, 1, 0, 1
0x785988b48001, 1, 0, 1
0x785988b466ac, 1, 0, 1
0x785988b2d64c, 1
0x785988b4606f, 1, 0, 1
0x785988b41bae, 1
0x785988b2d667, 1
0x785988b2d675, 1, 0, 1
0x785988b3136d, 1
0x785988b31358, 1
0x785974296a8c, 1
0x785988b31334, 1, 1, 0
0x785988b3f997, 1, 0x785988b4737e, 1
0x785988b476b5, 1, 0, 1
0x785988b31320, 1
0x785988b466d5, 1, 1, 0
0x785974337750, 1, 0, 1
0x785988b2d824, 1
0x785988b2cba1, 1
0x785988b2d837, 1, 0, 1
0x785988b2d844, 1, 0, 1
0x785988b2ef09, 1, 1, 0
0x785988b3b739, 1, 1, 0
0x785988b2d86e, 1, 0, 1
0x785988b3b710, 1, 0, 1
0x785988b43f46, 1, 0x785988b4575e, 1
0x785988b2d46f, 1, 0, 1
0x785988b3b507, 1, 1, 0
0x785988b2ed67, 1, 1, 0
0x785988b2d874, 1, 0, 1
0x785988b38370, 1
0x785988b2ed4c, 1, 0, 1
0x785988b2e726, 1, 0, 1
0x785988b4f4d9, 1, 0x785988b3b563, 1
0x785988b28505, 1, 1, 0
0x785988b4f4d0, 1, 0, 1
0x7859742a1b26, 1, 1, 0
0x785988b2d615, 1, 0, 1
0x7859742b42dc, 1, 0, 1
0x785988b2ea89, 1, 1, 0
0x785988b46dcb, 1, 1, 0
0x785988b2e9ee, 1
0x7859742b3169, 1, 0, 1
0x785988b2e599, 1, 1, 0
0x785988b2e578, 1, 0, 1
0x785988b39387, 1, 0, 1
0x785988b3eb1c, 1, 0, 1
0x785988b2e45d, 1
0x785988b2d8b1, 1, 0, 1
0x785988b2e442, 1, 0, 1
0x78597422a27c, 1
0x7859742b2481, 1, 1, 0
0x785988b2e418, 1, 1, 0
0x785988b48039, 1
0x785988b3b809, 1, 0, 1
0x785988b2e3d6, 1
0x785988b2dd01, 1, 0, 1
0x785988b4abf0, 1, 0x785988b2acf8, 1
0x785988b2dd11, 1, 1, 0
0x785988b454d8, 1, 0, 1
0x785988b2d0fb, 1
0x785988b2d8e9, 1, 0, 1
0x785988b2ca9e, 1
0x785988b2d90e, 1
0x785988b4696e, 1
0x785988b2d91a, 1, 0, 1
0x785988b2d576, 1, 0, 1
0x785988b2d930, 1, 1, 0
0x785988b2db25, 1, 1, 0
0x785988b3d56a, 1, 0x785988b3e7dc, 1
0x785988b2d958, 1, 0, 1
0x785988b3bc28, 1, 0, 1
0x7859742a0135, 1
0x785988b4cdd0, 1, 0, 1
0x785988b3ba8e, 1
0x785988b2a4d5, 1, 0, 1
0x785988b344ca, 1, 1, 0
0x785988b285b4, 1
0x785988b4ac40, 1, 1, 0
0x785988b4ac71, 1, 1, 0
0x785988b2c47c, 1, 0, 1
0x785988b285cf, 1, 0, 1
0x785988b285de, 1
0x785988b2641c, 1, 0, 1
0x785988b2d0f0, 1, 0, 1
0x785988b4c420, 1, 0x785988b2bb72, 1
0x785988b27c37, 1, 0, 1
0x785988b47584, 1, 1, 0
0x785988b27c51, 1
0x785988b3b51c, 1, 0, 1
0x785988b2d448, 1, 0, 1
0x785988b34522, 1, 1, 0
0x785988b39034, 1, 0, 1
0x785988b2cd16, 1, 0, 1
0x785988b27bf1, 1, 0, 1
0x785988b41ed3, 1, 0, 1
0x785988b4512d, 1, 0, 1
0x785974296337, 1, 0, 1
0x785988b474bc, 1, 0, 1
0x785988b3b3eb, 1
0x785988b27b6f, 1, 1, 0
0x785988b283fc, 1, 1, 0
0x785988b31a20, 1, 0, 1
0x785988b28850, 1
0x785988b2c5d0, 1, 1, 0
0x785988b27abe, 1, 1, 0
0x785988b27aad, 1, 1, 0
0x785988b2d82f, 1, 0, 1
0x63d2ed76f1a4, 1, 0x785988b2a578, 1
0x785988b473e9, 1
0x785988b2e3d9, 1
0x78597429f67b, 1, 0x785974385596, 1
0x785988b473d6, 1, 0, 1
0x785988b4abe0, 1
0x785988b39fa8, 1, 0x785988b45136, 1
0x785988b473bb, 1, 0, 1
0x785988b3e7b8, 1, 0, 1
0x785988b467ff, 1, 0, 1
0x785988b4739c, 1, 0, 1
0x785988b4d490, 1, 1, 0
0x785988b2a47d, 1, 1, 0
0x7859742b2259, 1, 0, 1
0x785988b4736c, 1
0x785988b2a46c, 1, 1, 0
0x785988b4735b, 1
0x785988b47341, 1, 0, 1
0x785988b38f0d, 1, 0x785988b47341, 1
0x785988b39f22, 1
0x785988b45b68, 1
0x785988b4746e, 1, 0, 1
0x785988b4733c, 1
0x785974296997, 1, 0, 1
0x785988b47313, 1, 0, 1
0x7859742470cb, 1
0x785988b2cb63, 1, 0, 1
0x785988b31675, 1, 0x785988b39e60, 1
0x7859742a1b07, 1, 0, 1
0x785988b2a5da, 1, 0x785974247a76, 1
0x785988b472d4, 1, 1, 0
0x7859742ee219, 1
0x78597422a060, 1, 0, 1
0x785988b4725a, 1, 1, 0
0x785988b471e6, 1, 0, 1
0x78597422a0d0, 1, 1, 0
0x785988b468df, 1, 1, 0
0x785988b47185, 1, 1, 0
0x785988b2797b, 1, 0x785988b47185, 1
0x785988b279b0, 1
0x785988b466bf, 1, 1, 0
0x785988b3b795, 1, 0, 1
0x785988b27969, 1, 1, 0
0x785988b3b9b5, 1, 0, 1
0x785988b27940, 1, 1, 0
0x785988b47913, 1
0x785988b27989, 1
0x785988b278ab, 1, 1, 0
0x7859742c86cb, 1, 0, 1
0x785988b3b9ea, 1, 1, 0
0x785988b45401, 1, 0, 1
0x785988b4541f, 1, 0, 1
0x785988b2788f, 1, 0, 1
0x785988b2854a, 1, 1, 0
0x785988b27880, 1, 0, 1
0x785988b484d4, 1
0x785988b452c8, 1, 0, 1
0x785988b39041, 1
0x785988b47177, 1
0x785988b4741c, 1, 0, 1
0x7859742b1686, 1, 1, 0
0x785988b2c68c, 1, 1, 0
0x785988b474c7, 1, 0, 1
0x785988b3e486, 1, 0, 1
0x785988b2c590, 1, 0, 1
0x785988b474eb, 1, 0, 1
0x785988b47502, 1, 1, 0
0x785988b47519, 1, 1, 0
0x785988b41d84, 1, 0, 1
0x785974247975, 1, 0, 1
0x7859742b256f, 1, 0x785988b34d4c, 1
0x785988b28214, 1, 1, 0
0x785988b4792a, 1, 1, 0
0x785988b474dd, 1, 1, 0
0x785988b29ba3, 1, 0, 1
0x785988b4ae78, 1, 0x785988b3113c, 1
0x785988b2dae8, 1
0x785988b2d431, 1, 0, 1
0x785988b263e0, 1, 0, 1
0x785988b4576e, 1, 0x785988b44548, 1
0x785988b3bf4f, 1, 1, 0
0x785988b3cbc0, 1, 0, 1
0x785988b45561, 1, 1, 0
0x785988b3cc65, 1, 0, 1
0x785988b4ae46, 1, 1, 0
0x785988b4ae1e, 1, 0x785988b3113c, 1
0x7859742ca8d0, 1, 0, 1
0x785988b4507d, 1, 0, 1
0x785988b450a1, 1, 0, 1
0x785988b3e5e0, 1
0x785988b34315, 1, 0, 1
0x785988b2d988, 1
0x7859742b2088, 1, 0x785988b34d4c, 1
0x7859742d8f5b, 1, 0, 1
0x785988b26401, 1, 0x785988b44c70, 1
0x785988b4ad67, 1, 1, 0
0x785988b464fc, 1, 0, 1
0x785988b3b19f, 1
0x785988b46e38, 1
0x785988b3ec71, 1
0x785988b460c9, 1, 0, 1
0x785988b43267, 1, 0, 1
0x785988b27c7e, 1, 1, 0
0x785988b41e00, 1, 0x785988b2c426, 1
0x785988b2e529, 1
0x785988b4dccb, 1, 0, 1
0x785988b41df4, 1
0x785988b4dcd0, 1, 1, 0
0x785988b3b9ab, 1, 0, 1
0x7859742cbb60, 1, 0, 1
0x785988b31a96, 1
0x785988b44c9e, 1, 0x785988b2641c, 1
0x785988b3b8e2, 1, 1, 0
0x785988b41cfa, 1
0x785988b41c10, 1
0x785988b41a92, 1
0x785988b4759f, 1, 0, 1
0x785988b45040, 1, 0, 1
0x785988b45155, 1
0x7859742473b0, 1, 0, 1
0x785988b450c6, 1, 1, 0
0x63d2ed76f0d8, 1, 0x78597422a304, 1
0x785988b450ee, 1
0x785988b4731d, 1, 0, 1
0x785988b41bc7, 1, 0, 1
0x785988b41bba, 1, 0, 1
0x785988b47f44, 1
0x785988b41b62, 1
0x785988b38d97, 1, 0x785988b450f6, 1
0x785988b41b5e, 1, 0, 1
0x785988b450f6, 1
0x785988b28207, 1, 0, 1
0x7859742b2220, 1, 1, 0
0x785988b3b786, 1
0x785988b41b56, 1
0x785988b41b12, 1
0x785988b39000, 1, 0, 1
0x785988b39121, 1, 0x785988b450fb, 1
0x785988b45346, 1, 0, 1
0x785988b3e2ab, 1
0x785988b450fb, 1
0x785988b391f0, 1, 0x785988b31070, 1
0x785988b3aa51, 1, 0x785988b43eec, 1
0x785988b3e8e0, 1, 0, 1
0x785988b3921a, 1, 0, 1
0x785988b39271, 1, 0x785988b311c0, 1
0x785988b28569, 1, 0, 1
0x785988b41ae6, 1, 0x785988b31070, 1
0x7859742a1aa5, 1, 0, 1
0x785988b473a7, 1
0x785988b3928d, 1, 0, 1
0x785988b2e901, 1, 1, 0
0x785988b473c3, 1, 0, 1
0x7859742b22b0, 1, 0, 1
0x785988b45100, 1, 0, 1
0x785988b45131, 1
0x785988b2e7d7, 1, 0, 1
0x785988b3b684, 1, 1, 0
0x785988b29b48, 1, 0x785988b29ca0, 1
0x7859742988c4, 1
0x785988b29c60, 1
0x78597429633b, 1
0x785988b390b6, 1, 1, 0
0x785988b312ff, 1, 1, 0
0x785988b464d0, 1, 1, 0
0x785988b39ed0, 1
0x785988b2acad, 1
0x785988b3cc72, 1, 1, 0
0x785988b2d927, 1
0x785988b48798, 1
0x785988b39ffd, 1
0x785988b45136, 1, 0x785988b484db, 1
0x785988b4531f, 1, 0, 1
0x785988b4a8cb, 1, 1, 0
0x785988b484db, 1
0x785988b475e3, 1, 0, 1
0x785988b3178f, 1, 1, 0
0x785988b3ec42, 1
0x7859742a010a, 1, 0, 1
0x785988b390ac, 1, 0, 1
0x785988b3e841, 1
0x7859742b24d0, 1, 0, 1
0x785988b47673, 1, 0, 1
0x7859742b211d, 1, 1, 0
0x785988b47230, 1, 1, 0
0x785988b3e04f, 1, 1, 0
0x785988b29afe, 1, 0, 1
0x785988b41a9a, 1, 0, 1
0x785988b3cc20, 1, 0, 1
0x785988b476dc, 1
0x785988b2cfa0, 1
0x7859742b4330, 1, 0x785988b34d4c, 1
0x785988b343d0, 1, 0, 1
0x785988b343f2, 1
0x7859742b5130, 1, 1, 0
0x785988b47037, 1, 0, 1
0x785988b45731, 1
0x7859742988d8, 1
0x785988b3e0aa, 1, 1, 0
0x785988b41f0c, 1, 0, 1
0x785988b4d482, 1, 0, 1
0x785974296984, 1, 0, 1
0x785988b4510c, 1
0x785988b41f00, 1, 0, 1
0x785988b42565, 1
0x785988b456d0, 1, 0, 1
0x785988b41eab, 1, 0, 1
0x785988b41ea0, 1, 0, 1
0x7859742ca8df, 1, 0x785988b34d4c, 1
0x785988b41e80, 1, 1, 0
0x785988b47140, 1, 0, 1
0x785988b34448, 1, 0, 1
0x785988b41ee1, 1, 0, 1
0x785988b354aa, 1
0x785988b470e4, 1, 0x785988b300d0, 1
0x785988b4709e, 1, 0, 1
0x785988b38dfc, 1, 0x785988b2d90e, 1
0x785988b348e1, 1, 0, 1
0x7859742b30f5, 1, 1, 0
0x7859742b2578, 1, 0, 1
0x78597433748d, 1, 0, 1
0x785988b476f2, 1, 0, 1
0x7859742b2618, 1, 0, 1
0x785988b4456d, 1
0x785974329948, 1, 0x785988b2a71f, 1
0x785988b47010, 1, 0, 1
0x785988b464ac, 1, 1, 0
0x785988b27cb7, 1
0x785988b46fc7, 1, 0x785988b300d0, 1
0x7859742b31c0, 1, 1, 0
0x785988b303b0, 1
0x785988b2ad17, 1, 1, 0
0x785988b46f83, 1, 0, 1
0x785988b3195c, 1, 0x785988b2cabf, 1
0x78597422a2de, 1
0x785988b4ce0a, 1, 1, 0
0x785988b393ff, 1
0x785988b46f3a, 1, 0x785988b300d0, 1
0x7859742d8f9f, 1
0x785988b46f1c, 1, 0, 1
0x785988b4cd02, 1, 0, 1
0x785988b4cd10, 1, 1, 0
0x785988b3e8cd, 1, 0, 1
0x785988b4c9e0, 1, 1, 0
0x785974247ba0, 1
0x7859742caa0f, 1
0x785988b41fb0, 1, 0x785988b41b5e, 1
0x63d2ed76f070, 1, 1, 0
0x785988b34a80, 1, 1, 0
0x785988b393c8, 1, 0, 1
0x785988b3eb5d, 1, 1, 0
0x7859742b3238, 1, 0, 1
0x785988b3e4f3, 1
0x785988b4cee0, 1, 1, 0
0x785988b28146, 1, 1, 0
0x785988b45525, 1, 1, 0
0x78597429682b, 1, 0, 1
0x785988b4d7a0, 1, 1, 0
0x785988b28141, 1, 0, 1
0x785988b4d5d0, 1, 1, 0
0x785988b3e4d6, 1, 0, 1
0x7859742b24f8, 1, 1, 0
0x785988b4cb20, 1, 1, 0
0x7859742b4fd8, 1, 1, 0
0x785988b47897, 1, 0x785988b43f46, 1
0x785988b41d7c, 1
0x7859742c86b0, 1, 0, 1
0x7859742c874b, 1, 0x785988b34d4c, 1
0x785988b47023, 1, 0, 1
0x785988b34519, 1, 0, 1
0x785988b3b5b4, 1, 1, 0
0x7859742cc3fe, 1, 1, 0
0x785988b26009, 1
0x785974247910, 1, 1, 0
0x7859742b4d50, 1, 0, 1
0x7859742b3210, 1, 0, 1
0x7859742b3247, 1, 0x785988b34d4c, 1
0x78597429f610, 1
0x785988b466e8, 1, 0, 1
0x785988b41bd6, 1
0x785974296358, 1, 0, 1
0x7859742cc3b0, 1, 1, 0
0x7859742cc3f0, 1, 0, 1
0x7859742cc420, 1, 0, 1
0x785988b3e7e3, 1, 0, 1
0x785988b31330, 1, 0, 1
0x785988b3ed87, 1, 0, 1
0x78597424774e, 1, 0x785974247b6a, 1
0x785988b2c493, 1, 0, 1
0x7859742cc42f, 1, 0x785988b34d4c, 1
0x7859742b22cd, 1, 1, 0
0x785988b2c625, 1, 1, 0
0x7859742b2328, 1, 0, 1
0x785988b3f3b6, 1, 1, 0
0x7859742cbb20, 1, 1, 0
0x785988b2adc6, 1, 0, 1
0x7859742cbb90, 1, 0, 1
0x785988b4d44a, 1, 0, 1
0x785988b47154, 1
0x7859742cbb9f, 1, 0x785988b34d4c, 1
0x785974337630, 1, 0, 1
0x78597433764d, 1, 1, 0
0x785988b31a30, 1, 0, 1
0x785988b4714b, 1, 0, 1
0x7859743376cd, 1, 0, 1
0x785988b3b54f, 1
0x7859743376d8, 1, 0x785988b34d4c, 1
0x785988b3ee28, 1, 1, 0
0x7859743373f0, 1, 0, 1
0x7859742b31a0, 1, 0, 1
0x785988b47055, 1, 0x785988b300d0, 1
0x785988b29abe, 1, 0, 1
0x7859742b2250, 1, 0, 1
0x7859742b2290, 1, 0, 1
0x785988b3f910, 1
0x785988b478d6, 1, 0, 1
0x7859743377d8, 1, 0, 1
0x63d2ed76f15e, 1
0x7859742b229f, 1
0x7859742cc350, 1, 1, 0
0x785988b28572, 1, 0x785988b4741c, 1
0x7859742cc378, 1, 0, 1
0x7859742cc383, 1, 1, 0
0x785988b477b3, 1, 0, 1
0x785988b46f13, 1, 0, 1
0x785988b3cca1, 1, 0x785988b476b5, 1
0x7859742cc3a0, 1, 0, 1
0x785988b47510, 1, 0, 1
0x7859742b175d, 1, 1, 0
0x7859742b2244, 1, 0x785988b34d4c, 1
0x785988b3b7aa, 1
0x7859742b17d8, 1, 0, 1
0x7859742b17dd, 1, 0, 1
0x7859742b2460, 1, 0, 1
0x785988b2c448, 1, 0x785988b31070, 1
0x7859742b17e8, 1, 0x785988b34d4c, 1
0x785988b2d97c, 1
0x785988b29ae8, 1, 1, 0
0x785974298890, 1
0x7859742b4ce0, 1, 1, 0
0x7859742b30b0, 1, 1, 0
0x785988b4702e, 1, 0, 1
0x7859742b30f0, 1, 0, 1
0x78597430e164, 1, 0, 1
0x7859742b3118, 1, 0, 1
0x785988b46e6f, 1, 0x785988b300d0, 1
0x785988b46e5e, 1, 0, 1
0x785988b46e1c, 1, 1, 0
0x785988b39457, 1, 0x785988b4780f, 1
0x7859742b3127, 1, 0x785988b34d4c, 1
0x785988b2a599, 1
0x78597422a26b, 1
0x785988b3eae7, 1
0x785988b46de8, 1, 0, 1
0x7859743377e4, 1, 0x785988b34d4c, 1
0x785988b2ae06, 1, 0x785988b2e817, 1
0x785988b38220, 1
0x785988b39029, 1, 0, 1
0x7859742b51a0, 1, 0, 1
0x785988b470bd, 1, 0, 1
0x7859742b232d, 1, 0, 1
0x7859742b51af, 1
0x785988b3ea9f, 1
0x7859742ca990, 1, 1, 0
0x785988b46725, 1, 0, 1
0x785988b46d62, 1, 1, 0
0x785988b2a7d7, 1
0x7859742c86ef, 1, 1, 0
0x785988b46d2b, 1, 1, 0
0x785988b3e300, 1, 0, 1
0x785988b31ad0, 1, 0, 1
0x7859742ca9c0, 1, 0, 1
0x785988b2e9a6, 1, 1, 0
0x785988b2c438, 1, 0, 1
0x785988b47e4e, 1, 1, 0
0x785974298900, 1
0x785988b478e8, 1, 1, 0
0x7859742473c8, 1, 1, 0
0x7859742ca9c9, 1, 0, 1
0x785988b3f37e, 1
0x785988b2ae30, 1, 1, 0
0x7859742ca9d4, 1, 1, 0
0x7859742b24c0, 1, 0, 1
0x785988b46950, 1, 0, 1
0x7859742b500f, 1, 0x785988b34d4c, 1
0x785988b38de0, 1, 0, 1
0x785988b3b369, 1, 1, 0
0x785974298914, 1, 0, 1
0x785988b41d88, 1
0x785988b3430d, 1, 0, 1
0x7859742caa00, 1, 0, 1
0x7859742b24ed, 1, 0, 1
0x785988b2adba, 1, 0, 1
0x785988b468a5, 1, 0, 1
0x785988b46862, 1, 1, 0
0x785988b4ac9e, 1, 0x785988b285cf, 1
0x785988b2d8bf, 1, 1, 0
0x7859742b252f, 1, 0x785988b34d4c, 1
0x785988b29ad0, 1, 0, 1
0x7859742b4f10, 1, 1, 0
0x785988b3cb70, 1, 0x785988b44578, 1
0x785988b3e1f8, 1
0x785988b31a58, 1
0x785988b3cbdf, 1, 0, 1
0x785988b46197, 1
0x7859742b4f58, 1, 0, 1
0x7859742b2344, 1, 0x785988b34d4c, 1
0x785988b45b51, 1, 0, 1
0x785988b467d4, 1
0x7859742b4e90, 1, 0, 1
0x7859742cb967, 1, 0x785988b34d4c, 1
0x7859742b4f66, 1, 1, 0
0x785988b467c6, 1, 0, 1
0x785988b467bc, 1, 0, 1
0x7859742b4f90, 1, 0, 1
0x785988b3ea92, 1, 0, 1
0x785988b467b0, 1
0x7859743375a8, 1, 0, 1
0x785988b3bc10, 1
0x7859742b4f9f, 1
0x7859742b4f4f, 1, 0x785988b34d4c, 1
0x785988b39fd8, 1
0x7859742b2586, 1, 1, 0
0x7859742b25bf, 1
0x785988b466ed, 1, 0, 1
0x785988b2cb14, 1, 1, 0
0x785988b46d0b, 1, 1, 0
0x63d2ed76f10c, 1, 0x785988b260f2, 1
0x785988b2ce33, 1, 1, 0
0x785988b39292, 1, 0x785988b45100, 1
0x785988b29b60, 1, 1, 0
0x7859742cb958, 1, 0, 1
0x785988b46687, 1, 1, 0
0x7859742b3040, 1, 0, 1
0x785988b48020, 1, 0, 1
0x7859742cb8f0, 1, 1, 0
0x785988b47fd7, 1, 0, 1
0x7859742b305c, 1, 0, 1
0x785988b47fc0, 1, 1, 0
0x7859742b3061, 1, 1, 0
0x785988b4ae20, 1
0x785988b2cabf, 1, 0, 1
0x7859742b4db8, 1, 0, 1
0x785988b4603c, 1
0x785988b3c3c0, 1, 0x785988b47897, 1
0x785988b47f6d, 1, 0, 1
0x63d2ed76f098, 1, 0x63d2ed76f10c, 1
0x785988b47f60, 1, 1, 0
0x785974247056, 1, 0, 1
0x7859742b30af, 1, 0x785988b34d4c, 1
0x7859742b4e10, 1, 1, 0
0x7859742b4e66, 1, 1, 0
0x785988b2ca20, 1, 1, 0
0x785988b46610, 1, 1, 0
0x785988b41afe, 1, 0, 1
0x7859742b3130, 1, 1, 0
0x785988b3b6ea, 1, 1, 0
0x785988b46596, 1, 1, 0
0x7859742b3154, 1, 0x785988b34d4c, 1
0x785988b46582, 1, 0, 1
0x7859742a0124, 1, 0, 1
0x785988b46579, 1, 0, 1
0x785988b46560, 1, 0, 1
0x7859742b3174, 1, 1, 0
0x7859742cb930, 1, 0, 1
0x7859742b31af, 1
0x785988b2ad2b, 1, 0, 1
0x785988b46e53, 1, 0, 1
0x785988b41a20, 1
0x785988b2d5a1, 1, 1, 0
0x63d2ed76f0ed, 1, 0, 1
0x7859742b1650, 1, 0, 1
0x785988b2a4f7, 1
0x7859742b166d, 1, 0, 1
0x7859742b1676, 1, 0, 1
0x7859742b167b, 1, 0, 1
0x7859742a0115, 1, 0, 1
0x7859742b16b0, 1, 0, 1
0x7859742b16bf, 1
0x785974296889, 1, 0, 1
0x7859742b42e1, 1, 1, 0
0x785988b3e86e, 1, 0, 1
0x7859742b4320, 1, 0, 1
0x785988b2e72f, 1, 1, 0
0x785988b431d0, 1, 0, 1
0x785988b2a7bf, 1, 1, 0
0x785988b41f19, 1, 0, 1
0x7859742b432f, 1, 0x785988b34d4c, 1
0x7859742b25d0, 1, 1, 0
0x7859742b2626, 1, 1, 0
0x785988b29bcb, 1, 1, 0
0x78597429699f, 1
0x785988b4320c, 1, 1, 0
0x785988b46418, 1, 1, 0
0x7859742b2650, 1, 0, 1
0x785988b2d866, 1
0x7859742b265f, 1
0x785988b3ebce, 1
0x7859742ca880, 1, 1, 0
0x7859742ca8a8, 1, 0, 1
0x785988b3e468, 1, 0, 1
0x785988b46186, 1
0x7859742b4d04, 1, 0x785988b34d4c, 1
0x7859742b4d10, 1, 0, 1
0x785988b43f28, 1, 0, 1
0x785974247a6e, 1, 0x785988b2a380, 1
0x785988b46496, 1
0x785988b2a5d1, 1, 0, 1
0x7859742b4d19, 1, 0, 1
0x7859742b4d24, 1, 1, 0
0x785988b3109b, 1, 0, 1
0x7859742b4fb0, 1, 0, 1
0x785988b43efd, 1, 0, 1
0x7859742b4fcd, 1, 0, 1
0x785988b3eddb, 1, 0x785988b43efd, 1
0x785988b4abe8, 1, 0, 1
0x7859742d8f30, 1, 0, 1
0x7859742d8f4d, 1, 0, 1
0x78597422a189, 1, 0x63d2ed76f15e, 1
0x785988b48029, 1, 0, 1
0x7859742d8f66, 1, 1, 0
0x7859742d8f90, 1, 0, 1
0x78597433776d, 1, 1, 0
0x785988b4607c, 1, 0, 1
0x78597422a181, 1, 0, 1
0x785988b3b7f1, 1, 0, 1
0x785988b47f91, 1, 0, 1
0x78597433752d, 1, 1, 0
0x785988b316b0, 1
0x785988b47f7d, 1, 0, 1
0x785988b3f334, 1
0x78597424795f, 1, 0, 1
0x785988b45704, 1
0x785988b312d0, 1
0x785988b3f364, 1
0x78597422a2b4, 1, 0, 1
0x785988b2e471, 1, 1, 0
0x785988b46737, 1, 1, 0
0x7859743375b8, 1, 0x785988b34d4c, 1
0x785974329920, 1, 0, 1
0x7859742b247c, 1, 0, 1
0x785988b456e2, 1
0x7859742b24cf, 1, 0x785988b34d4c, 1
0x785988b4738f, 1, 0, 1
0x785988b3ea51, 1, 0, 1
0x785988b456bd, 1
0x78597429636b, 1, 0x78597429680d, 1
0x7859742473bc, 1, 0, 1
0x7859742b207d, 1, 0, 1
0x785988b4836d, 1
0x7859742ca9b4, 1, 0x785988b34d4c, 1
0x7859742a00b8, 1, 0, 1
0x785988b46d14, 1, 1, 0
0x7859742b15f8, 1, 0, 1
0x7859742b1603, 1, 1, 0
0x785988b2d51c, 1, 0, 1
0x785988b48372, 1
0x7859742b1630, 1, 0, 1
0x7859742b1638, 1, 0x785988b34d4c, 1
0x7859742b5300, 1, 0x785988b34d4c, 1
0x785988b43f09, 1
0x785988b41980, 1, 0x785988b45b88, 1
0x785988b4780f, 1, 1, 0
0x7859742ca320, 1, 1, 0
0x785988b319bb, 1
0x785988b3eb3d, 1
0x7859742ca348, 1, 0, 1
0x785988b3cc28, 1, 0, 1
0x7859742b3160, 1, 0, 1
0x785988b2e590, 1, 0, 1
0x7859742ca353, 1, 1, 0
0x7859742b2520, 1, 0, 1
0x7859742ca370, 1, 0, 1
0x785988b4790a, 1, 0, 1
0x7859742ca37f, 1, 0x785988b34d4c, 1
0x7859742b2100, 1, 0, 1
0x785988b281a0, 1, 0, 1
0x785988b2a6e1, 1, 0, 1
0x785988b2e570, 1
0x785988b3eb72, 1
0x7859742b2198, 1, 0, 1
0x7859742b21a8, 1, 0x785988b34d4c, 1
0x7859742b4dc6, 1, 1, 0
0x7859742ca8b3, 1, 1, 0
0x785988b2d906, 1
0x7859742b4df0, 1, 0, 1
0x785988b318ba, 1
0x785988b26034, 1, 0, 1
0x785988b4612f, 1, 0, 1
0x7859742b4dff, 1
0x785988b3e7c4, 1
0x7859742b4daf, 1, 0x785988b34d4c, 1
0x785988b2d566, 1, 0, 1
0x63d2ed76f0fb, 1
0x785988b392d0, 1, 0, 1
0x785988b2a517, 1, 0, 1
0x78597422a2f8, 1, 0x63d2ed76f120, 1
0x785988b393df, 1, 0, 1
0x785988b4771b, 1
0x785988b47485, 1, 0, 1
0x785988b28109, 1, 1, 0
0x785988b478a6, 1, 1, 0
0x785988b47793, 1, 0, 1
0x785988b4779c, 1
0x7859742cb93e, 1, 1, 0
0x785988b39c08, 1, 0, 1
0x785974247a10, 1, 0, 1
0x785988b39c11, 1, 1, 0
0x785988b39c20, 1, 0x785988b477ad, 1
0x7859742cc3af, 1, 0x785988b34d4c, 1
0x785988b3d538, 1, 1, 0
0x7859742b260f, 1, 0x785988b34d4c, 1
0x785988b477ad, 1, 1, 0
0x785988b4712d, 1, 0, 1
0x785988b3b9cf, 1, 0, 1
0x785988b31160, 1
0x785988b31705, 1, 0x785988b311c0, 1
0x785988b4adf3, 1, 0x785988b3c3c0, 1
0x785988b477db, 1, 0, 1
0x785988b2acf8, 1, 0, 1
0x785988b499cb, 1, 0, 1
0x785988b4c310, 1, 1, 0
0x785988b31adc, 1
0x785988b344b8, 1, 1, 0
0x785988b28770, 1
0x785988b2f4d0, 1, 0, 1
0x785988b2f4d9, 1, 0, 1
0x785988b2f970, 1, 1, 0
0x785988b477e8, 1, 0, 1
0x785988b31ad7, 1, 0, 1
0x785988b3eaf6, 1, 1, 0
0x785988b477f6, 1
0x785988b2d49f, 1, 0, 1
0x785988b41f40, 1, 1, 0
0x785988b42550, 1
0x785988b392f6, 1, 0x785988b39e60, 1
0x78597422a28b, 1, 0, 1
0x785988b474a8, 1, 0, 1
0x785988b2a53d, 1, 1, 0
0x785988b3def0, 1, 0, 1
0x785988b3931c, 1, 0, 1
0x785988b39345, 1
0x785988b39447, 1, 0x785988b39e60, 1
0x785988b45332, 1, 1, 0
0x785988b393bf, 1, 0, 1
0x785988b39412, 1
0x7859742b4d70, 1, 1, 0
0x785988b4783b, 1, 0, 1
0x785988b4785c, 1
0x785988b3e81a, 1, 0, 1
0x785988b46538, 1, 0, 1
0x785974247208, 1, 0, 1
0x7859742471f0, 1, 0, 1
0x785988b393e8, 1, 1, 0
0x785988b3e4df, 1, 0, 1
0x785988b48786, 1, 0, 1
0x785988b45bf0, 1, 1, 0
0x785988b29b8a, 1
0x785988b46534, 1, 0, 1
0x7859743855a5, 1
0x785988b45b88, 1, 1, 0
0x785988b3930b, 1, 0, 1
0x7859742b16ab, 1, 0x785988b34d4c, 1
0x785988b39f8e, 1, 1, 0
0x785988b29b8f, 1, 0x785988b31070, 1
0x785988b45477, 1, 1, 0
0x785988b2d4ec, 1, 0, 1
0x785988b29bb2, 1, 0, 1
0x785988b4dab3, 1, 0x785988b31070, 1
0x785988b29bbb, 1
0x785974298937, 1, 0x785988b4786d, 1
0x785988b43ef1, 1
0x785988b457f7, 1
0x785988b46732, 1, 0, 1
0x78597431d1f4, 1, 0, 1
0x785988b43ee0, 1
0x785988b3edc7, 1
0x785988b31998, 1, 1, 0
0x785988b4dac0, 1, 0, 1
0x785988b4a8d8, 1, 0x785988b473bb, 1
0x785988b29bdb, 1, 0x785988b4835e, 1
0x785988b45af0, 1
0x785988b29c98, 1
0x785988b467f3, 1, 0, 1
0x785988b4a31a, 1, 1, 0
0x78597431d1fc, 1, 0x785974385516, 1
0x785988b3f3d6, 1
0x785988b4a300, 1, 0, 1
0x785988b29ca0, 1
0x785988b4252a, 1
0x785988b43f0e, 1
0x785988b4a8c0, 1
0x785988b4257a, 1
0x785988b464ec, 1, 0, 1
0x785988b3a8b0, 1, 0, 1
0x785988b3d417, 1, 1, 0
0x785988b3ed1d, 1, 1, 0
0x785988b4258f, 1, 0x785988b4836d, 1
0x785988b4835e, 1
0x785988b31887, 1, 1, 0
0x785988b41eb7, 1, 0, 1
0x785988b46fa9, 1, 0, 1
0x785988b3f345, 1
0x785988b42700, 1
0x785988b42741, 1, 0, 1
0x785988b46f95, 1, 0, 1
0x785974296328, 1, 0, 1
0x785988b3d400, 1, 0, 1
0x785988b4274f, 1, 0, 1
0x785988b2ae73, 1
0x7859742a1a8f, 1, 0, 1
0x785988b42754, 1
0x7859742b5100, 1, 0x785988b34d4c, 1
0x785988b4277f, 1, 0, 1
0x785988b42784, 1, 0, 1
0x785988b4278b, 1, 0, 1
0x785988b46fa0, 1, 0, 1
0x785988b4569a, 1, 1, 0
0x785988b42790, 1, 0x785988b48372, 1
0x785988b3f8d0, 1, 0, 1
0x785988b281ba, 1, 0, 1
0x785988b3eb8c, 1
0x785988b3e7ac, 1, 0, 1
0x785988b3b5a0, 1, 0, 1
0x785988b283f3, 1, 0, 1
0x785988b2e7c3, 1
0x785988b470c6, 1, 0, 1
0x785988b4787b, 1
0x7859742472c0, 1, 0, 1
0x785988b3f8de, 1, 0x785988b34d4c, 1
0x785988b3e475, 1, 0, 1
0x785988b2d4fe, 1, 0, 1
0x785974337498, 1, 0x785988b34d4c, 1
0x785988b4dac5, 1
0x785988b4839c, 1
0x785988b2a82a, 1, 0x785988b445a0, 1
0x785988b3d4c3, 1
0x785988b26000, 1, 0, 1
0x785988b26039, 1, 0, 1
0x785988b4321a, 1
0x785988b26040, 1, 0x7859743854d0, 1
0x785988b2d462, 1, 0, 1
0x785988b3838c, 1, 0x785988b43ef1, 1
0x785988b2dc4a, 1, 1, 0
0x785988b471f4, 1
0x7859743854d0, 1
0x785988b41a9e, 1
0x785988b4273c, 1, 0, 1
0x785988b3f530, 1
0x785988b47545, 1
0x7859742d8f8b, 1, 0x785988b34d4c, 1
0x785988b46f08, 1, 0, 1
0x785988b45303, 1, 0, 1
0x785988b4d410, 1, 0, 1
0x785988b2a4ca, 1, 0, 1
0x7859742b1ffd, 1, 1, 0
0x785988b3b563, 1, 1, 0
0x7859743375ad, 1, 0, 1
0x78597423ba20, 1, 0x7859743854f3, 1
0x7859743377c8, 1, 0, 1
0x785988b45454, 1, 0, 1
0x785988b3d130, 1, 0x785988b3f39c, 1
0x785988b3f38f, 1
0x785988b4719d, 1, 0, 1
0x7859743854f3, 1
0x785988b46478, 1, 0, 1
0x785988b38d7a, 1, 0, 1
0x785988b4551a, 1, 0, 1
0x785988b3eb0d, 1
0x63d2ed76f197, 1, 1, 0
0x785988b43f1c, 1, 0, 1
0x78597431d1e0, 1
0x785988b3f31f, 1
0x78597429f66c, 1, 0, 1
0x785974385516, 1, 0, 1
0x785988b463c8, 1, 1, 0
0x785988b3a8e7, 1, 0, 1
0x78597429f644, 1
0x78597422a1ca, 1
0x78597429f658, 1
0x785974385596, 1, 0, 1
0x785988b3e3a3, 1, 0, 1
0x785988b46d44, 1, 1, 0
0x785974296100, 1
0x785988b31348, 1
0x785988b3ed9f, 1
0x785988b28756, 1
0x7859742988ec, 1
0x78597429891e, 1, 0, 1
0x785988b39426, 1, 0, 1
0x785988b4786d, 1
0x785988b43f80, 1, 0x785988b47872, 1
0x785988b47872, 1
0x785988b45063, 1, 0x785988b311c0, 1
0x785988b38f00, 1, 0, 1
0x785988b3f2d0, 1
0x785988b47882, 1
0x785988b2d049, 1, 0x785988b2e529, 1
0x785988b47891, 1
0x785988b4530f, 1, 0, 1
0x785988b3e618, 1, 1, 0
0x7859742b4e58, 1, 0, 1
0x7859743377cd, 1, 0, 1
0x785988b3c390, 1, 1, 0
0x785988b3c3b0, 1
0x7859742b4e4f, 1, 0x785988b34d4c, 1
0x785988b2c3f0, 1
0x785988b3e923, 1, 0, 1
0x785988b3e30f, 1, 1, 0
0x785988b39e70, 1, 0x785988b45b51, 1
0x7859742a0056, 1, 0x785988b2a3ff, 1
0x785988b4a33a, 1, 0x785988b43f1c, 1
0x785988b3e865, 1, 0, 1
0x785988b4ade0, 1
0x785988b4adeb, 1, 0, 1
0x785988b4dcad, 1, 0, 1
0x78597438551f, 1
0x785988b4575e, 1, 0, 1
0x785988b3cb40, 1, 1, 0
0x785988b2a3ba, 1
0x785988b4666e, 1, 0, 1
0x785988b44578, 1
0x785988b3e7f3, 1, 0, 1
0x785988b2a7c9, 1, 0, 1
0x785988b2d882, 1, 1, 0
0x785988b3e4c1, 1, 0, 1
0x785988b470b2, 1, 0, 1
0x785988b38d40, 1
0x785988b486c8, 1, 0, 1
0x785988b3ead3, 1, 1, 0
0x785988b3b8ee, 1
0x785988b3e499, 1, 0, 1
0x785988b3e2ec, 1, 1, 0
0x785988b3e0c4, 1, 0x785988b3e865, 1
0x785974247231, 1, 0, 1
0x785988b3e2e0, 1, 0, 1
0x785988b3d4a2, 1, 0, 1
0x785988b2a6fb, 1
0x785988b47647, 1
0x785988b3ed09, 1
0x785988b3e0a1, 1, 0, 1
0x785988b41eee, 1, 0, 1
0x7859742472fb, 1, 0, 1
0x785988b47629, 1, 0, 1
0x785988b2a714, 1, 0x78597422a060, 1
0x785988b3f2e0, 1
0x78597422a078, 1, 0, 1
0x785988b456f8, 1
0x63d2ed76f19d, 1, 0x78597422a1ca, 1
0x785988b473e2, 1
0x785988b46768, 1, 1, 0
0x785988b454ba, 1, 0, 1
0x785988b3e06b, 1, 1, 0
0x78597422a08f, 1
0x785988b2d53a, 1, 1, 0
0x785988b44c94, 1, 1, 0
0x785974329929, 1, 0, 1
0x785988b3f371, 1
0x785988b2817e, 1, 0x785988b31070, 1
0x78597432993b, 1
0x785974228660, 1, 0x78597439d8c0, 1
0x785988b31a69, 1, 0, 1
0x785988b3e209, 1, 0, 1
0x785974247ad8, 1, 1, 0
0x78597439d8c0, 1, 0, 1
0x785988b2a4dd, 1, 1, 0
0x785988b3e1c6, 1, 0, 1
0x78597439d8dc, 1, 0, 1
0x785988b2d893, 1, 0, 1
0x785988b3e4d2, 1, 0, 1
0x78597439d8f4, 1, 0, 1
0x785988b3e1af, 1, 1, 0
0x785988b452e3, 1, 0, 1
0x785988b31a18, 1, 1, 0
0x78597439d907, 1, 0x785974329948, 1
0x785988b2ea7d, 1, 1, 0
0x785988b45352, 1, 0, 1
0x785988b3bf12, 1, 0, 1
0x785988b2eaf8, 1, 0, 1
0x785988b2a710, 1, 0x78597422a0d0, 1
0x785988b2e817, 1, 0, 1
0x785988b29c6c, 1
0x785988b3bc31, 1, 0, 1
0x785988b43f32, 1, 0x785988b45af0, 1
0x785988b3e7dc, 1
0x785988b3e19f, 1, 0, 1
0x78597422a107, 1, 0, 1
0x785988b3e320, 1, 0, 1
0x7859742b5160, 1, 0, 1
0x785988b463e4, 1, 0, 1
0x785988b3e122, 1, 1, 0
0x785988b31303, 1, 0x785988b3bc28, 1
0x785988b3e0e0, 1, 1, 0
0x785988b453a0, 1, 1, 0
0x78597422a117, 1, 0, 1
0x78597422a127, 1, 0x785988b2a71f, 1
0x785988b45362, 1, 0, 1
0x785988b47f4c, 1, 0, 1
0x785988b2a740, 1, 1, 0
0x785988b44540, 1
0x785988b2a51c, 1, 1, 0
0x785988b445a0, 1, 0x63d2ed76f040, 1
0x785974337510, 1, 0, 1
0x785988b3d47e, 1
0x785988b39089, 1, 1, 0
0x785988b41940, 1, 1, 0
0x785988b2d4d0, 1, 1, 0
0x63d2ed76f040, 1, 0x78597422a200, 1
0x78597422a200, 1, 0, 1
0x785974247225, 1
0x785974247000, 1, 0, 1
0x785988b2db61, 1
0x785974247011, 1, 0, 1
0x785988b3e7a0, 1, 0, 1
0x7859742969bc, 1, 0, 1
0x78597424702c, 1
0x7859742b30a0, 1, 0, 1
0x78597424705b, 1, 1, 0
0x7859742b5154, 1, 0x785988b34d4c, 1
0x785974247092, 1, 0x785974247231, 1
0x785988b27be3, 1, 0, 1
0x785974247236, 1, 0, 1
0x785974247262, 1, 0x78597422a233, 1
0x78597422a233, 1, 0, 1
0x785988b4695a, 1, 0, 1
0x785988b3e2a0, 1, 0, 1
0x785988b4784f, 1, 1, 0
0x785988b2cee9, 1, 0, 1
0x785988b43ef8, 1
0x785988b499d7, 1, 0x785988b43ef8, 1
0x7859742b2530, 1, 1, 0
0x78597422a24c, 1, 1, 0
0x785988b3ba96, 1, 0x785988b2e7cb, 1
0x785988b499c0, 1
0x78597422a2a1, 1, 0x63d2ed76f000, 1
0x785988b288f2, 1
0x63d2ed76f000, 1, 1, 0
0x63d2ed76f016, 1, 0x78597422a2b4, 1
0x785988b3f2f4, 1
0x785988b47a18, 1, 0, 1
0x78597422a2c4, 1, 0, 1
0x785988b3e813, 1
0x785988b31a36, 1
0x63d2ed76f120, 1
0x785988b2a5a3, 1
0x785988b47492, 1
0x785988b2ac80, 1, 0, 1
0x785988b43eec, 1
0x785988b3e895, 1, 0, 1
0x785988b2e8ee, 1, 0, 1
0x785988b39223, 1
0x785988b45386, 1, 1, 0
0x63d2ed76f0a0, 1, 1, 0
0x7859742b42c0, 1, 0, 1
0x785988b3bf20, 1, 0, 1
0x785988b2a3f6, 1, 0x78597429fff0, 1
0x785988b421f0, 1, 0x785988b45704, 1
0x785988b3e3ac, 1
0x785988b39f7e, 1
0x785988b2cacb, 1, 1, 0
0x785988b3e9c1, 1, 0, 1
0x78597422a304, 1, 0, 1
0x78597422a30d, 1
0x7859742287b0, 1, 0x785988b3fda0, 1
0x785988b3fda0, 1, 0, 1
0x785974247937, 1, 0, 1
0x785988b424d0, 1, 1, 0
0x785988b3fdae, 1, 0x78597422a273, 1
0x78597422a273, 1, 0, 1
0x785988b45449, 1, 0, 1
0x785988b3f39c, 1, 0, 1
0x785988b4322b, 1, 0, 1
0x78597422a150, 1
0x785974244fa0, 1
0x785988b3b8d3, 1
0x785988b3e83a, 1
0x785974244ed0, 1, 1, 0
0x785974244f3e, 1
0x785988b41ec6, 1, 0, 1
0x785974244f64, 1, 0x78597422a181, 1
0x785988b2f454, 1, 0x785988b2f8c9, 1
0x785988b452a8, 1, 1, 0
0x785988b455c5, 1, 1, 0
0x785988b31941, 1
0x7859742b5000, 1, 0, 1
0x78597424794f, 1, 0, 1
0x785988b4602c, 1, 0, 1
0x7859742b3215, 1, 1, 0
0x785988b453ef, 1, 0, 1
0x785988b47fea, 1, 0, 1
0x785974247b65, 1
0x785988b39375, 1, 0, 1
0x785988b46828, 1
0x7859742476f0, 1, 1, 0
0x785974247b6a, 1
0x785988b318d6, 1
0x785988b3e076, 1, 1, 0
0x785988b47247, 1, 1, 0
0x785988b2dd3f, 1, 0, 1
0x785988b455da, 1, 1, 0
0x785974247a40, 1, 0, 1
0x7859742b4e9f, 1
0x78597429fff0, 1, 0, 1
0x785988b46d94, 1, 1, 0
0x785988b2c426, 1, 0x785988b31070, 1
0x785988b46405, 1
0x7859742b5174, 1, 1, 0
0x7859742a0009, 1, 1, 0
0x7859742a00cf, 1, 1, 0
0x785988b2c633, 1, 0x785988b47177, 1
0x785988b39ff6, 1, 0, 1
0x7859742a011e, 1, 0, 1
0x785988b3e450, 1
0x785988b3e201, 1, 0, 1
0x785988b2a3ff, 1, 0, 1
0x785988b2a406, 1, 0, 1
0x785988b2a42c, 1, 1, 0
0x785988b2a5e9, 1
0x785974247b74, 1
0x785988b3b672, 1, 0x785988b3b858, 1
0x785988b2a50e, 1, 0x7859742a1a70, 1
0x7859742a1a70, 1, 0, 1
0x7859742a1a83, 1, 1, 0
0x785988b4670e, 1, 1, 0
0x78597430e0b5, 1, 1, 0
0x785988b45460, 1, 0, 1
0x7859742b5169, 1, 0, 1
0x7859742a1b12, 1, 1, 0
0x7859742a1aae, 1, 0x785988b2a517, 1
0x785988b3f301, 1
0x785988b28137, 1, 0, 1
0x785988b260c7, 1, 0, 1
0x785988b3e508, 1
0x785988b39060, 1, 1, 0
0x785974247a76, 1, 1, 0
0x785988b43292, 1, 0x785988b43ee0, 1
0x785988b3ba70, 1
0x785988b260e5, 1, 0x63d2ed76f0e0, 1
0x63d2ed76f0e0, 1, 0, 1
0x785974337488, 1, 0, 1
0x63d2ed76f030, 1, 0x7859742472c0, 1
0x7859742472f2, 1, 0, 1
0x78597424730b, 1, 0, 1
0x785988b451d0, 1, 1, 0
0x785988b4662b, 1, 1, 0
0x785974247406, 1, 0, 1
0x78597424740e, 1
0x785988b3eca7, 1
0x78597430e090, 1, 0, 1
0x785988b41c99, 1, 0x785988b31070, 1
0x78597430e171, 1, 0x785974247416, 1
0x7859742a00c0, 1, 0, 1
0x785974247416, 1, 0, 1
0x785988b2adb0, 1, 0, 1
0x785974247425, 1, 0x63d2ed76f107, 1
0x785988b3e92c, 1, 1, 0
0x785988b4542d, 1, 0, 1
0x63d2ed76f107, 1
0x785988b454c2, 1, 1, 0
0x785988b260f2, 1, 0, 1
0x785988b2610b, 1, 0x63d2ed76f1a4, 1
0x785988b2a3e1, 1, 1, 0
0x785988b2a5b0, 1, 0, 1
0x785988b319b0, 1, 0, 1
0x785974247326, 1
0x785988b2a5b6, 1, 0, 1
0x785988b3f900, 1, 1, 0
0x7859742479e6, 1, 1, 0
0x785974247968, 1, 1, 0
0x785988b2f4e3, 1
0x785974247a24, 1, 1, 0
0x785988b3e4ab, 1, 0, 1
0x78597422a227, 1
0x785988b47444, 1, 1, 0
0x785988b41cee, 1, 0, 1
0x785988b2eb1a, 1, 1, 0
0x785988b46de0, 1
0x785988b4dcb7, 1, 0, 1
0x785988b2dd2d, 1
0x785988b45379, 1, 1, 0
0x785974247b6f, 1
0x785988b454e8, 1, 0, 1
0x7859742967e0, 1
0x785988b3f30e, 1
0x785974296143, 1, 0, 1
0x785988b3d40a, 1
0x785988b46ef4, 1, 0, 1
0x785988b452ef, 1, 1, 0
0x785988b486da, 1
0x78597429615c, 1, 1, 0
0x785988b43ec0, 1
0x785988b3d588, 1
0x785988b44c70, 1
0x7859742963e0, 1, 1, 0
0x7859742961a1, 1
0x78597429680d, 1
0x785988b44548, 1, 1, 0
0x785988b3edb3, 1
0x785988b4540d, 1, 0, 1
0x785988b2cebe, 1, 0, 1
0x785988b456ab, 1, 0, 1
0x785988b3e227, 1
0x7859743376c8, 1, 0, 1
0x785988b31a89, 1
0x7859742b2078, 1, 0, 1
0x785988b46508, 1
0x785988b284c8, 1
0x785974296844, 1, 1, 0
0x785974296b18, 1, 1, 0
0x7859742b2338, 1, 0, 1
0x785974296ab2, 1
0x785974296a1f, 1, 0, 1
0x785988b47fa5, 1, 1, 0
0x785988b3d4cc, 1, 1, 0
0x7859742969cf, 1, 0x785974247b74, 1
0x785988b3ec05, 1
